Model,Displ,Cyl,Trans,Drive,Fuel,Cert Region,Veh Class,Air Pollution Score,City MPG,Hwy MPG,Cmb MPG,Greenhouse Gas Score,SmartWay,Comb CO2
HONDA Ridgeline,3.5,6,SemiAuto-9,4,Gasoline,CA,pickup,3,18,24,21,4,No,441
HONDA Ridgeline,3.5,6,SemiAuto-9,4,Gasoline,FA,pickup,3,18,24,21,4,No,441
NISSAN Frontier,3.8,6,SemiAuto-9,2,Gasoline,CA,pickup,5,18,24,20,4,No,444
NISSAN Frontier,3.8,6,SemiAuto-9,2,Gasoline,FA,pickup,5,18,24,20,4,No,444
NISSAN Frontier,3.8,6,SemiAuto-9,4,Gasoline,CA,pickup,5,17,22,19,4,No,458
NISSAN Frontier,3.8,6,SemiAuto-9,4,Gasoline,FA,pickup,5,17,22,19,4,No,458
NISSAN Titan,5.6,8,SemiAuto-9,2,Gasoline,CA,pickup,5,16,21,18,3,No,503
NISSAN Titan,5.6,8,SemiAuto-9,2,Gasoline,FA,pickup,5,16,21,18,3,No,503
NISSAN Titan,5.6,8,SemiAuto-9,4,Gasoline,CA,pickup,5,15,21,18,3,No,505
NISSAN Titan,5.6,8,SemiAuto-9,4,Gasoline,FA,pickup,5,15,21,18,3,No,505
NISSAN Titan Pro-4X,5.6,8,SemiAuto-9,4,Gasoline,CA,pickup,5,15,20,17,3,No,517
NISSAN Titan Pro-4X,5.6,8,SemiAuto-9,4,Gasoline,FA,pickup,5,15,20,17,3,No,517
ASTON MARTIN DB11 V12,5.2,12,SemiAuto-8,2,Gasoline,CA,small car,3,14,22,17,3,No,522
ASTON MARTIN DB11 V12,5.2,12,SemiAuto-8,2,Gasoline,FA,small car,3,14,22,17,3,No,522
ASTON MARTIN DBS,5.2,12,SemiAuto-8,2,Gasoline,CA,small car,3,14,22,17,3,No,522
ASTON MARTIN DBS,5.2,12,SemiAuto-8,2,Gasoline,FA,small car,3,14,22,17,3,No,522
AUDI A8 L quattro,3,6,SemiAuto-8,4,Gasoline,CA,large car,5,19,28,22,5,No,399
AUDI A8 L quattro,3,6,SemiAuto-8,4,Gasoline,FA,large car,5,19,28,22,5,No,399
AUDI RS 5 Coupe,2.9,6,SemiAuto-8,4,Gasoline,CA,small car,5,18,25,21,4,No,430
AUDI RS 5 Coupe,2.9,6,SemiAuto-8,4,Gasoline,FA,small car,5,18,25,21,4,No,430
AUDI RS 5 Sportback,2.9,6,SemiAuto-8,4,Gasoline,CA,midsize car,5,18,25,21,4,No,431
AUDI RS 5 Sportback,2.9,6,SemiAuto-8,4,Gasoline,FA,midsize car,5,18,25,21,4,No,431
AUDI RS 7,4,8,SemiAuto-8,4,Gasoline,CA,midsize car,3,15,22,17,3,No,507
AUDI RS 7,4,8,SemiAuto-8,4,Gasoline,FA,midsize car,3,15,22,17,3,No,507
AUDI S4,3,6,SemiAuto-8,4,Gasoline,CA,small car,5,21,30,24,5,No,363
AUDI S4,3,6,SemiAuto-8,4,Gasoline,FA,small car,5,21,30,24,5,No,363
AUDI S5 Cabriolet,3,6,SemiAuto-8,4,Gasoline,CA,small car,5,21,28,23,5,No,375
AUDI S5 Cabriolet,3,6,SemiAuto-8,4,Gasoline,FA,small car,5,21,28,23,5,No,375
AUDI S5 Coupe,3,6,SemiAuto-8,4,Gasoline,CA,small car,5,21,30,24,5,No,363
AUDI S5 Coupe,3,6,SemiAuto-8,4,Gasoline,FA,small car,5,21,30,24,5,No,363
AUDI S5 Sportback,3,6,SemiAuto-8,4,Gasoline,CA,midsize car,5,21,30,24,5,No,363
AUDI S5 Sportback,3,6,SemiAuto-8,4,Gasoline,FA,midsize car,5,21,30,24,5,No,363
AUDI S6,2.9,6,SemiAuto-8,4,Gasoline,CA,midsize car,5,18,28,22,5,No,408
AUDI S6,2.9,6,SemiAuto-8,4,Gasoline,FA,midsize car,5,18,28,22,5,No,408
AUDI S7,2.9,6,SemiAuto-8,4,Gasoline,CA,midsize car,5,18,28,22,5,No,408
AUDI S7,2.9,6,SemiAuto-8,4,Gasoline,FA,midsize car,5,18,28,22,5,No,408
AUDI S8,4,8,SemiAuto-8,4,Gasoline,CA,large car,3,14,23,17,3,No,520
AUDI S8,4,8,SemiAuto-8,4,Gasoline,FA,large car,3,14,23,17,3,No,520
BMW 228i Gran Coupe,2,4,SemiAuto-8,2,Gasoline,CA,small car,7,24,34,28,6,No,314
BMW 228i Gran Coupe,2,4,SemiAuto-8,2,Gasoline,FA,small car,7,24,34,28,6,No,314
BMW 228i xDrive Gran Coupe,2,4,SemiAuto-8,4,Gasoline,CA,small car,7,23,33,27,6,No,329
BMW 228i xDrive Gran Coupe,2,4,SemiAuto-8,4,Gasoline,FA,small car,7,23,33,27,6,No,329
BMW 230i Coupe,2,4,SemiAuto-8,2,Gasoline,CA,small car,3,26,35,29,6,No,300
BMW 230i Coupe,2,4,SemiAuto-8,2,Gasoline,CA,small car,3,26,35,29,6,No,300
BMW 230i Coupe,2,4,SemiAuto-8,2,Gasoline,FA,small car,3,26,35,29,6,No,300
BMW 330i,2,4,SemiAuto-8,2,Gasoline,CA,small car,7,26,36,30,6,No,298
BMW 330i,2,4,SemiAuto-8,2,Gasoline,FA,small car,7,26,36,30,6,No,298
BMW 330i,2,4,SemiAuto-8,4,Gasoline,CA,small car,7,25,34,28,6,No,314
BMW 330i,2,4,SemiAuto-8,4,Gasoline,FA,small car,7,25,34,28,6,No,314
BMW 430i Convertible,2,4,SemiAuto-8,2,Gasoline,CA,small car,7,25,34,28,6,No,312
BMW 430i Convertible,2,4,SemiAuto-8,2,Gasoline,FA,small car,7,25,34,28,6,No,312
BMW 430i Convertible,2,4,SemiAuto-8,4,Gasoline,CA,small car,7,23,33,27,6,No,327
BMW 430i Convertible,2,4,SemiAuto-8,4,Gasoline,FA,small car,7,23,33,27,6,No,327
BMW 430i Coupe,2,4,SemiAuto-8,2,Gasoline,CA,small car,7,25,34,28,6,No,312
BMW 430i Coupe,2,4,SemiAuto-8,2,Gasoline,FA,small car,7,25,34,28,6,No,312
BMW 430i Coupe,2,4,SemiAuto-8,4,Gasoline,CA,small car,7,23,33,27,6,No,327
BMW 430i Coupe,2,4,SemiAuto-8,4,Gasoline,FA,small car,7,23,33,27,6,No,327
BMW 430i Gran Coupe,2,4,SemiAuto-8,2,Gasoline,CA,small car,7,25,34,28,6,No,312
BMW 430i Gran Coupe,2,4,SemiAuto-8,2,Gasoline,FA,small car,7,25,34,28,6,No,312
BMW 530i,2,4,SemiAuto-8,2,Gasoline,CA,midsize car,7,25,33,28,6,No,313
BMW 530i,2,4,SemiAuto-8,2,Gasoline,FA,midsize car,7,25,33,28,6,No,313
BMW 530i,2,4,SemiAuto-8,4,Gasoline,CA,midsize car,7,23,32,26,5,No,332
BMW 530i,2,4,SemiAuto-8,4,Gasoline,FA,midsize car,7,23,32,26,5,No,332
BMW 540i,3,6,SemiAuto-8,2,Gasoline,CA,midsize car,5,25,32,27,6,No,322
BMW 540i,3,6,SemiAuto-8,2,Gasoline,FA,midsize car,5,25,32,27,6,No,322
BMW 540i,3,6,SemiAuto-8,4,Gasoline,CA,midsize car,5,22,29,25,5,No,352
BMW 540i,3,6,SemiAuto-8,4,Gasoline,FA,midsize car,5,22,29,25,5,No,352
BMW 740i,3,6,SemiAuto-8,2,Gasoline,CA,large car,3,22,29,25,5,No,360
BMW 740i,3,6,SemiAuto-8,2,Gasoline,FA,large car,3,22,29,25,5,No,360
BMW 740i,3,6,SemiAuto-8,4,Gasoline,CA,large car,3,20,27,23,5,No,388
BMW 740i,3,6,SemiAuto-8,4,Gasoline,FA,large car,3,20,27,23,5,No,388
BMW 750i,4.4,8,SemiAuto-8,4,Gasoline,CA,large car,3,17,24,19,4,No,454
BMW 750i,4.4,8,SemiAuto-8,4,Gasoline,FA,large car,3,17,24,19,4,No,454
BMW 840i Convertible,3,6,SemiAuto-8,2,Gasoline,CA,small car,3,22,29,25,5,No,360
BMW 840i Convertible,3,6,SemiAuto-8,2,Gasoline,FA,small car,3,22,29,25,5,No,360
BMW 840i Coupe,3,6,SemiAuto-8,2,Gasoline,CA,small car,3,23,30,25,5,No,347
BMW 840i Coupe,3,6,SemiAuto-8,2,Gasoline,FA,small car,3,23,30,25,5,No,347
BMW 840i Gran Coupe,3,6,SemiAuto-8,2,Gasoline,CA,midsize car,3,22,29,25,5,No,360
BMW 840i Gran Coupe,3,6,SemiAuto-8,2,Gasoline,FA,midsize car,3,22,29,25,5,No,360
BMW 840i xDrive Convertible,3,6,SemiAuto-8,4,Gasoline,CA,small car,3,20,27,23,5,No,388
BMW 840i xDrive Convertible,3,6,SemiAuto-8,4,Gasoline,FA,small car,3,20,27,23,5,No,388
BMW 840i xDrive Coupe,3,6,SemiAuto-8,4,Gasoline,CA,small car,3,20,27,23,5,No,388
BMW 840i xDrive Coupe,3,6,SemiAuto-8,4,Gasoline,FA,small car,3,20,27,23,5,No,388
BMW 840i xDrive Gran Coupe,3,6,SemiAuto-8,4,Gasoline,CA,midsize car,3,20,27,23,5,No,388
BMW 840i xDrive Gran Coupe,3,6,SemiAuto-8,4,Gasoline,FA,midsize car,3,20,27,23,5,No,388
BMW ALPINA B7,4.4,8,SemiAuto-8,4,Gasoline,CA,large car,3,17,24,19,4,No,454
BMW ALPINA B7,4.4,8,SemiAuto-8,4,Gasoline,FA,large car,3,17,24,19,4,No,454
BMW ALPINA B8 Gran Coupe,4.4,8,SemiAuto-8,4,Gasoline,CA,midsize car,3,17,24,19,4,No,454
BMW ALPINA B8 Gran Coupe,4.4,8,SemiAuto-8,4,Gasoline,FA,midsize car,3,17,24,19,4,No,454
BMW M235i xDrive Gran Coupe,2,4,SemiAuto-8,4,Gasoline,CA,small car,3,23,32,26,5,No,334
BMW M235i xDrive Gran Coupe,2,4,SemiAuto-8,4,Gasoline,CA,small car,3,23,32,26,5,No,334
BMW M235i xDrive Gran Coupe,2,4,SemiAuto-8,4,Gasoline,FA,small car,3,23,32,26,5,No,334
BMW M240i Coupe,3,6,SemiAuto-8,4,Gasoline,CA,small car,5,23,32,26,5,No,335
BMW M240i Coupe,3,6,SemiAuto-8,4,Gasoline,FA,small car,5,23,32,26,5,No,335
BMW M3 Competition,3,6,SemiAuto-8,2,Gasoline,CA,small car,5,16,23,19,4,No,470
BMW M3 Competition,3,6,SemiAuto-8,2,Gasoline,FA,small car,5,16,23,19,4,No,470
BMW M3 Competition M,3,6,SemiAuto-8,4,Gasoline,CA,small car,5,16,22,18,3,No,477
BMW M3 Competition M,3,6,SemiAuto-8,4,Gasoline,FA,small car,5,16,22,18,3,No,477
BMW M340i,3,6,SemiAuto-8,2,Gasoline,CA,small car,5,23,32,26,5,No,333
BMW M340i,3,6,SemiAuto-8,2,Gasoline,FA,small car,5,23,32,26,5,No,333
BMW M340i,3,6,SemiAuto-8,4,Gasoline,CA,small car,5,23,32,26,5,No,337
BMW M340i,3,6,SemiAuto-8,4,Gasoline,FA,small car,5,23,32,26,5,No,337
BMW M4 Competition Coupe,3,6,SemiAuto-8,2,Gasoline,CA,small car,5,16,23,19,4,No,470
BMW M4 Competition Coupe,3,6,SemiAuto-8,2,Gasoline,FA,small car,5,16,23,19,4,No,470
BMW M4 Competition M,3,6,SemiAuto-8,4,Gasoline,CA,small car,5,16,22,18,3,No,477
BMW M4 Competition M,3,6,SemiAuto-8,4,Gasoline,FA,small car,5,16,22,18,3,No,477
BMW M4 Competition M Convertible,3,6,SemiAuto-8,4,Gasoline,CA,small car,5,16,23,18,3,No,484
BMW M4 Competition M Convertible,3,6,SemiAuto-8,4,Gasoline,FA,small car,5,16,23,18,3,No,484
BMW M440i,3,6,SemiAuto-8,2,Gasoline,CA,small car,5,25,34,28,6,No,312
BMW M440i,3,6,SemiAuto-8,2,Gasoline,FA,small car,5,25,34,28,6,No,312
BMW M440i,3,6,SemiAuto-8,4,Gasoline,CA,small car,5,23,31,26,5,No,339
BMW M440i,3,6,SemiAuto-8,4,Gasoline,FA,small car,5,23,31,26,5,No,339
BMW M440i Convertible,3,6,SemiAuto-8,2,Gasoline,CA,small car,5,23,31,26,5,No,340
BMW M440i Convertible,3,6,SemiAuto-8,2,Gasoline,FA,small car,5,23,31,26,5,No,340
BMW M440i Gran Coupe,3,6,SemiAuto-8,4,Gasoline,CA,small car,5,22,29,25,5,No,360
BMW M440i Gran Coupe,3,6,SemiAuto-8,4,Gasoline,FA,small car,5,22,29,25,5,No,360
BMW M440i xDrive Coupe,3,6,SemiAuto-8,4,Gasoline,CA,small car,5,23,32,26,5,No,337
BMW M440i xDrive Coupe,3,6,SemiAuto-8,4,Gasoline,FA,small car,5,23,32,26,5,No,337
BMW M5,4.4,8,SemiAuto-8,4,Gasoline,CA,midsize car,3,15,21,17,3,No,523
BMW M5,4.4,8,SemiAuto-8,4,Gasoline,FA,midsize car,3,15,21,17,3,No,523
BMW M5 CS,4.4,8,SemiAuto-8,4,Gasoline,CA,midsize car,3,15,21,17,3,No,522
BMW M5 CS,4.4,8,SemiAuto-8,4,Gasoline,FA,midsize car,3,15,21,17,3,No,522
BMW M5 Competition,4.4,8,SemiAuto-8,4,Gasoline,CA,midsize car,3,15,21,17,3,No,523
BMW M5 Competition,4.4,8,SemiAuto-8,4,Gasoline,FA,midsize car,3,15,21,17,3,No,523
BMW M550i,4.4,8,SemiAuto-8,4,Gasoline,CA,midsize car,3,17,25,20,4,No,439
BMW M550i,4.4,8,SemiAuto-8,4,Gasoline,FA,midsize car,3,17,25,20,4,No,439
BMW M760i,6.6,12,SemiAuto-8,4,Gasoline,CA,large car,3,13,20,16,3,No,570
BMW M760i,6.6,12,SemiAuto-8,4,Gasoline,FA,large car,3,13,20,16,3,No,570
BMW M8 Competition Convertible,4.4,8,SemiAuto-8,4,Gasoline,CA,small car,3,15,21,17,3,No,522
BMW M8 Competition Convertible,4.4,8,SemiAuto-8,4,Gasoline,FA,small car,3,15,21,17,3,No,522
BMW M8 Competition Coupe,4.4,8,SemiAuto-8,4,Gasoline,CA,small car,3,15,21,17,3,No,522
BMW M8 Competition Coupe,4.4,8,SemiAuto-8,4,Gasoline,FA,small car,3,15,21,17,3,No,522
BMW M8 Competition Gran Coupe,4.4,8,SemiAuto-8,4,Gasoline,CA,midsize car,3,15,21,17,3,No,522
BMW M8 Competition Gran Coupe,4.4,8,SemiAuto-8,4,Gasoline,FA,midsize car,3,15,21,17,3,No,522
BMW M850i xDrive,4.4,8,SemiAuto-8,4,Gasoline,CA,small car,3,17,25,20,4,No,442
BMW M850i xDrive,4.4,8,SemiAuto-8,4,Gasoline,FA,small car,3,17,25,20,4,No,442
BMW M850i xDrive Convertible,4.4,8,SemiAuto-8,4,Gasoline,CA,small car,3,17,24,19,4,No,454
BMW M850i xDrive Convertible,4.4,8,SemiAuto-8,4,Gasoline,FA,small car,3,17,24,19,4,No,454
BMW M850i xDrive Gran Coupe,4.4,8,SemiAuto-8,4,Gasoline,CA,midsize car,3,17,24,19,4,No,454
BMW M850i xDrive Gran Coupe,4.4,8,SemiAuto-8,4,Gasoline,FA,midsize car,3,17,24,19,4,No,454
BMW X1 sDrive28i,2,4,SemiAuto-8,2,Gasoline,CA,large car,7,24,33,27,6,No,324
BMW X1 sDrive28i,2,4,SemiAuto-8,2,Gasoline,FA,large car,7,24,33,27,6,No,324
BMW X1 xDrive28i,2,4,SemiAuto-8,4,Gasoline,CA,large car,7,23,31,26,5,No,343
BMW X1 xDrive28i,2,4,SemiAuto-8,4,Gasoline,FA,large car,7,23,31,26,5,No,343
BMW X2 M35i,2,4,SemiAuto-8,4,Gasoline,CA,midsize car,3,23,30,26,5,No,339
BMW X2 M35i,2,4,SemiAuto-8,4,Gasoline,CA,midsize car,3,23,30,26,5,No,339
BMW X2 M35i,2,4,SemiAuto-8,4,Gasoline,FA,midsize car,3,23,30,26,5,No,339
BMW X2 sDrive28i,2,4,SemiAuto-8,2,Gasoline,CA,midsize car,7,24,32,27,6,No,330
BMW X2 sDrive28i,2,4,SemiAuto-8,2,Gasoline,FA,midsize car,7,24,32,27,6,No,330
BMW X2 xDrive28i,2,4,SemiAuto-8,4,Gasoline,CA,midsize car,7,24,31,27,6,No,331
BMW X2 xDrive28i,2,4,SemiAuto-8,4,Gasoline,FA,midsize car,7,24,31,27,6,No,331
BMW Z4,2,4,SemiAuto-8,2,Gasoline,CA,small car,7,25,32,28,6,No,317
BMW Z4,2,4,SemiAuto-8,2,Gasoline,FA,small car,7,25,32,28,6,No,317
BMW Z4 M40i,3,6,SemiAuto-8,2,Gasoline,CA,small car,5,22,29,25,5,No,358
BMW Z4 M40i,3,6,SemiAuto-8,2,Gasoline,FA,small car,5,22,29,25,5,No,358
CADILLAC CT4,2,4,SemiAuto-8,2,Gasoline,CA,small car,7,23,34,27,6,No,331
CADILLAC CT4,2,4,SemiAuto-8,2,Gasoline,FA,small car,7,23,34,27,6,No,331
CADILLAC CT4,2,4,SemiAuto-8,4,Gasoline,CA,small car,7,22,31,26,5,No,348
CADILLAC CT4,2,4,SemiAuto-8,4,Gasoline,FA,small car,7,22,31,26,5,No,348
CHEVROLET Camaro,2,4,SemiAuto-8,2,Gasoline,CA,small car,5,22,30,25,5,No,358
CHEVROLET Camaro,2,4,SemiAuto-8,2,Gasoline,FA,small car,5,22,30,25,5,No,358
CHEVROLET Corvette,6.2,8,SemiAuto-8,2,Gasoline,CA,small car,5,16,24,19,4,No,478
CHEVROLET Corvette,6.2,8,SemiAuto-8,2,Gasoline,FA,small car,5,16,24,19,4,No,478
GENESIS G70,2,4,SemiAuto-8,2,Gasoline,CA,small car,3,21,31,24,5,No,367
GENESIS G70,2,4,SemiAuto-8,2,Gasoline,FA,small car,3,21,31,24,5,No,367
GENESIS G70,2,4,SemiAuto-8,4,Gasoline,CA,small car,3,20,28,23,5,No,385
GENESIS G70,2,4,SemiAuto-8,4,Gasoline,FA,small car,3,20,28,23,5,No,385
GENESIS G70,3.3,6,SemiAuto-8,2,Gasoline,CA,small car,3,18,27,21,4,No,433
GENESIS G70,3.3,6,SemiAuto-8,2,Gasoline,FA,small car,3,18,27,21,4,No,433
GENESIS G70,3.3,6,SemiAuto-8,4,Gasoline,CA,small car,3,17,25,20,4,No,447
GENESIS G70,3.3,6,SemiAuto-8,4,Gasoline,FA,small car,3,17,25,20,4,No,447
GENESIS G80,2.5,4,SemiAuto-8,2,Gasoline,CA,large car,5,23,32,26,5,No,345
GENESIS G80,2.5,4,SemiAuto-8,2,Gasoline,FA,large car,5,23,32,26,5,No,345
GENESIS G80,2.5,4,SemiAuto-8,4,Gasoline,CA,large car,5,22,30,25,5,No,360
GENESIS G80,2.5,4,SemiAuto-8,4,Gasoline,FA,large car,5,22,30,25,5,No,360
GENESIS G80,3.5,6,SemiAuto-8,4,Gasoline,CA,large car,5,17,26,20,4,No,439
GENESIS G80,3.5,6,SemiAuto-8,4,Gasoline,FA,large car,5,17,26,20,4,No,439
GENESIS G90,3.3,6,SemiAuto-8,2,Gasoline,CA,large car,3,17,24,19,4,No,459
GENESIS G90,3.3,6,SemiAuto-8,2,Gasoline,FA,large car,3,17,24,19,4,No,459
GENESIS G90,3.3,6,SemiAuto-8,4,Gasoline,CA,large car,3,17,24,20,4,No,460
GENESIS G90,3.3,6,SemiAuto-8,4,Gasoline,FA,large car,3,17,24,20,4,No,460
GENESIS G90,5,8,SemiAuto-8,2,Gasoline,CA,large car,5,16,24,19,4,No,481
GENESIS G90,5,8,SemiAuto-8,2,Gasoline,FA,large car,5,16,24,19,4,No,481
GENESIS G90,5,8,SemiAuto-8,4,Gasoline,CA,large car,5,16,23,18,3,No,488
GENESIS G90,5,8,SemiAuto-8,4,Gasoline,FA,large car,5,16,23,18,3,No,488
HYUNDAI Sonata,1.6,4,SemiAuto-8,2,Gasoline,CA,large car,5,27,37,31,7,No,293
HYUNDAI Sonata,1.6,4,SemiAuto-8,2,Gasoline,FA,large car,5,27,37,31,7,No,293
HYUNDAI Sonata,2.5,4,SemiAuto-8,2,Gasoline,CA,large car,7,27,37,31,7,Yes,293
HYUNDAI Sonata,2.5,4,SemiAuto-8,2,Gasoline,CA,large car,7,28,38,32,7,Yes,282
HYUNDAI Sonata,2.5,4,SemiAuto-8,2,Gasoline,FA,large car,7,27,37,31,7,Yes,293
HYUNDAI Sonata,2.5,4,SemiAuto-8,2,Gasoline,FA,large car,7,28,38,32,7,Yes,282
JAGUAR F-Type P450 Convertible,5,8,SemiAuto-8,2,Gasoline,CA,small car,3,17,24,19,4,No,460
JAGUAR F-Type P450 Convertible,5,8,SemiAuto-8,2,Gasoline,FA,small car,3,17,24,19,4,No,460
JAGUAR F-Type P450 Coupe,5,8,SemiAuto-8,2,Gasoline,CA,small car,3,17,24,19,4,No,460
JAGUAR F-Type P450 Coupe,5,8,SemiAuto-8,2,Gasoline,FA,small car,3,17,24,19,4,No,460
JAGUAR F-Type P450 R-Dynamic Conv,5,8,SemiAuto-8,4,Gasoline,CA,small car,3,16,24,18,3,No,481
JAGUAR F-Type P450 R-Dynamic Conv,5,8,SemiAuto-8,4,Gasoline,FA,small car,3,16,24,18,3,No,481
JAGUAR F-Type P450 R-Dynamic Coupe,5,8,SemiAuto-8,4,Gasoline,CA,small car,3,16,24,18,3,No,481
JAGUAR F-Type P450 R-Dynamic Coupe,5,8,SemiAuto-8,4,Gasoline,FA,small car,3,16,24,18,3,No,481
JAGUAR F-Type R Convertible,5,8,SemiAuto-8,4,Gasoline,CA,small car,3,16,24,18,3,No,481
JAGUAR F-Type R Convertible,5,8,SemiAuto-8,4,Gasoline,FA,small car,3,16,24,18,3,No,481
JAGUAR F-Type R Coupe,5,8,SemiAuto-8,4,Gasoline,CA,small car,3,16,24,18,3,No,481
JAGUAR F-Type R Coupe,5,8,SemiAuto-8,4,Gasoline,FA,small car,3,16,24,18,3,No,481
JAGUAR XF P250,2,4,SemiAuto-8,2,Gasoline,CA,midsize car,7,25,33,28,6,No,317
JAGUAR XF P250,2,4,SemiAuto-8,2,Gasoline,FA,midsize car,7,25,33,28,6,No,317
JAGUAR XF P250,2,4,SemiAuto-8,4,Gasoline,CA,midsize car,7,23,32,26,5,No,336
JAGUAR XF P250,2,4,SemiAuto-8,4,Gasoline,FA,midsize car,7,23,32,26,5,No,336
JAGUAR XF P300,2,4,SemiAuto-8,4,Gasoline,CA,midsize car,7,22,30,25,5,No,352
JAGUAR XF P300,2,4,SemiAuto-8,4,Gasoline,FA,midsize car,7,22,30,25,5,No,352
KIA K5,1.6,4,SemiAuto-8,2,Gasoline,CA,large car,5,27,37,31,7,No,292
KIA K5,1.6,4,SemiAuto-8,2,Gasoline,CA,large car,5,29,38,32,7,No,277
KIA K5,1.6,4,SemiAuto-8,2,Gasoline,FA,large car,5,27,37,31,7,No,292
KIA K5,1.6,4,SemiAuto-8,2,Gasoline,FA,large car,5,29,38,32,7,No,277
KIA K5,1.6,4,SemiAuto-8,4,Gasoline,CA,large car,5,25,33,28,6,No,316
KIA K5,1.6,4,SemiAuto-8,4,Gasoline,FA,large car,5,25,33,28,6,No,316
KIA Stinger,2.5,4,SemiAuto-8,2,Gasoline,CA,midsize car,3,22,32,25,5,No,355
KIA Stinger,2.5,4,SemiAuto-8,2,Gasoline,FA,midsize car,3,22,32,25,5,No,355
KIA Stinger,2.5,4,SemiAuto-8,4,Gasoline,CA,midsize car,3,21,29,24,5,No,380
KIA Stinger,2.5,4,SemiAuto-8,4,Gasoline,FA,midsize car,3,21,29,24,5,No,380
KIA Stinger,3.3,6,SemiAuto-8,2,Gasoline,CA,midsize car,3,18,25,20,4,No,437
KIA Stinger,3.3,6,SemiAuto-8,2,Gasoline,FA,midsize car,3,18,25,20,4,No,437
KIA Stinger,3.3,6,SemiAuto-8,4,Gasoline,CA,midsize car,3,17,24,20,4,No,451
KIA Stinger,3.3,6,SemiAuto-8,4,Gasoline,FA,midsize car,3,17,24,20,4,No,451
LEXUS ES 250,2.5,4,SemiAuto-8,4,Gasoline,CA,midsize car,6,25,34,28,6,No,315
LEXUS ES 250,2.5,4,SemiAuto-8,4,Gasoline,FA,midsize car,6,25,34,28,6,No,315
LEXUS ES 350,3.5,6,SemiAuto-8,2,Gasoline,CA,midsize car,5,22,32,26,5,No,344
LEXUS ES 350,3.5,6,SemiAuto-8,2,Gasoline,FA,midsize car,5,22,32,26,5,No,344
LEXUS ES 350 F Sport,3.5,6,SemiAuto-8,2,Gasoline,CA,midsize car,5,22,31,25,5,No,352
LEXUS ES 350 F Sport,3.5,6,SemiAuto-8,2,Gasoline,FA,midsize car,5,22,31,25,5,No,352
LEXUS IS 300,2,4,SemiAuto-8,2,Gasoline,CA,small car,5,21,31,25,5,No,356
LEXUS IS 300,2,4,SemiAuto-8,2,Gasoline,FA,small car,5,21,31,25,5,No,356
LEXUS IS 350,3.5,6,SemiAuto-8,2,Gasoline,CA,small car,5,20,28,23,5,No,385
LEXUS IS 350,3.5,6,SemiAuto-8,2,Gasoline,FA,small car,5,20,28,23,5,No,385
LEXUS IS 500,5,8,SemiAuto-8,2,Gasoline,CA,small car,5,17,25,20,4,No,451
LEXUS IS 500,5,8,SemiAuto-8,2,Gasoline,FA,small car,5,17,25,20,4,No,451
LEXUS RC 300,2,4,SemiAuto-8,2,Gasoline,CA,small car,5,21,31,25,5,No,356
LEXUS RC 300,2,4,SemiAuto-8,2,Gasoline,FA,small car,5,21,31,25,5,No,356
LEXUS RC 350,3.5,6,SemiAuto-8,2,Gasoline,CA,small car,5,20,28,23,5,No,385
LEXUS RC 350,3.5,6,SemiAuto-8,2,Gasoline,FA,small car,5,20,28,23,5,No,385
LEXUS RC F,5,8,SemiAuto-8,2,Gasoline,CA,small car,5,16,24,19,4,No,459
LEXUS RC F,5,8,SemiAuto-8,2,Gasoline,FA,small car,5,16,24,19,4,No,459
MASERATI MC20,3,6,SemiAuto-8,2,Gasoline,CA,small car,5,15,25,18,3,No,474
MASERATI MC20,3,6,SemiAuto-8,2,Gasoline,FA,small car,5,15,25,18,3,No,474
MINI Cooper Countryman All4,1.5,3,SemiAuto-8,4,Gasoline,CA,midsize car,7,23,30,26,5,No,340
MINI Cooper Countryman All4,1.5,3,SemiAuto-8,4,Gasoline,FA,midsize car,7,23,30,26,5,No,340
MINI Cooper S Clubman All4,2,4,SemiAuto-8,4,Gasoline,CA,midsize car,7,23,32,26,5,No,333
MINI Cooper S Clubman All4,2,4,SemiAuto-8,4,Gasoline,FA,midsize car,7,23,32,26,5,No,333
MINI Cooper S Countryman All4,2,4,SemiAuto-8,4,Gasoline,CA,midsize car,7,23,31,26,5,No,341
MINI Cooper S Countryman All4,2,4,SemiAuto-8,4,Gasoline,FA,midsize car,7,23,31,26,5,No,341
MINI JCW Countryman All4,2,4,SemiAuto-8,4,Gasoline,CA,midsize car,3,23,30,26,5,No,343
MINI JCW Countryman All4,2,4,SemiAuto-8,4,Gasoline,CA,midsize car,3,23,30,26,5,No,343
MINI JCW Countryman All4,2,4,SemiAuto-8,4,Gasoline,FA,midsize car,3,23,30,26,5,No,343
MINI John Cooper Works Clubman All4,2,4,SemiAuto-8,4,Gasoline,CA,midsize car,3,23,31,26,5,No,339
MINI John Cooper Works Clubman All4,2,4,SemiAuto-8,4,Gasoline,CA,midsize car,3,23,31,26,5,No,339
MINI John Cooper Works Clubman All4,2,4,SemiAuto-8,4,Gasoline,FA,midsize car,3,23,31,26,5,No,339
MINI John Cooper Works Convertible,2,4,SemiAuto-8,2,Gasoline,CA,small car,7,24,33,28,6,No,319
MINI John Cooper Works Convertible,2,4,SemiAuto-8,2,Gasoline,FA,small car,7,24,33,28,6,No,319
MINI John Cooper Works Hardtop,2,4,SemiAuto-8,2,Gasoline,CA,small car,7,25,34,29,6,No,308
MINI John Cooper Works Hardtop,2,4,SemiAuto-8,2,Gasoline,FA,small car,7,25,34,29,6,No,308
ROLLS-ROYCE Ghost,6.7,12,SemiAuto-8,4,Gasoline,CA,large car,3,12,19,14,2,No,624
ROLLS-ROYCE Ghost,6.7,12,SemiAuto-8,4,Gasoline,FA,large car,3,12,19,14,2,No,624
ROLLS-ROYCE Ghost Black Badge,6.7,12,SemiAuto-8,4,Gasoline,CA,large car,3,12,19,14,2,No,624
ROLLS-ROYCE Ghost Black Badge,6.7,12,SemiAuto-8,4,Gasoline,FA,large car,3,12,19,14,2,No,624
ROLLS-ROYCE Ghost Extended,6.7,12,SemiAuto-8,4,Gasoline,CA,large car,3,12,19,14,2,No,624
ROLLS-ROYCE Ghost Extended,6.7,12,SemiAuto-8,4,Gasoline,FA,large car,3,12,19,14,2,No,624
ROLLS-ROYCE Phantom,6.7,12,SemiAuto-8,2,Gasoline,CA,large car,3,12,20,14,2,No,615
ROLLS-ROYCE Phantom,6.7,12,SemiAuto-8,2,Gasoline,FA,large car,3,12,20,14,2,No,615
ROLLS-ROYCE Phantom Extended,6.7,12,SemiAuto-8,2,Gasoline,CA,large car,3,12,20,14,2,No,615
ROLLS-ROYCE Phantom Extended,6.7,12,SemiAuto-8,2,Gasoline,FA,large car,3,12,20,14,2,No,615
TOYOTA Avalon,3.5,6,SemiAuto-8,2,Gasoline,CA,midsize car,5,22,31,25,5,No,352
TOYOTA Avalon,3.5,6,SemiAuto-8,2,Gasoline,FA,midsize car,5,22,31,25,5,No,352
TOYOTA Avalon XLE,3.5,6,SemiAuto-8,2,Gasoline,CA,midsize car,5,22,32,26,5,No,341
TOYOTA Avalon XLE,3.5,6,SemiAuto-8,2,Gasoline,FA,midsize car,5,22,32,26,5,No,341
TOYOTA Camry,3.5,6,SemiAuto-8,2,Gasoline,CA,midsize car,5,22,33,26,5,No,338
TOYOTA Camry,3.5,6,SemiAuto-8,2,Gasoline,FA,midsize car,5,22,33,26,5,No,338
TOYOTA Camry LE/SE,2.5,4,SemiAuto-8,2,Gasoline,CA,midsize car,7,28,39,32,7,Yes,280
TOYOTA Camry LE/SE,2.5,4,SemiAuto-8,2,Gasoline,FA,midsize car,7,28,39,32,7,Yes,280
TOYOTA Camry LE/SE,2.5,4,SemiAuto-8,4,Gasoline,CA,midsize car,6,25,34,29,6,No,310
TOYOTA Camry LE/SE,2.5,4,SemiAuto-8,4,Gasoline,FA,midsize car,6,25,34,29,6,No,310
TOYOTA Camry TRD,3.5,6,SemiAuto-8,2,Gasoline,CA,midsize car,5,22,31,25,5,No,354
TOYOTA Camry TRD,3.5,6,SemiAuto-8,2,Gasoline,FA,midsize car,5,22,31,25,5,No,354
TOYOTA Camry XLE/XSE,2.5,4,SemiAuto-8,2,Gasoline,CA,midsize car,7,27,38,31,7,Yes,286
TOYOTA Camry XLE/XSE,2.5,4,SemiAuto-8,2,Gasoline,FA,midsize car,7,27,38,31,7,Yes,286
TOYOTA Camry XLE/XSE,2.5,4,SemiAuto-8,4,Gasoline,CA,midsize car,6,25,34,28,6,No,315
TOYOTA Camry XLE/XSE,2.5,4,SemiAuto-8,4,Gasoline,FA,midsize car,6,25,34,28,6,No,315
TOYOTA Camry XSE,3.5,6,SemiAuto-8,2,Gasoline,CA,midsize car,5,22,32,26,5,No,345
TOYOTA Camry XSE,3.5,6,SemiAuto-8,2,Gasoline,FA,midsize car,5,22,32,26,5,No,345
TOYOTA Supra 2.0,2,4,SemiAuto-8,2,Gasoline,CA,small car,7,25,32,28,6,No,317
TOYOTA Supra 2.0,2,4,SemiAuto-8,2,Gasoline,FA,small car,7,25,32,28,6,No,317
TOYOTA Supra 3.0,3,6,SemiAuto-8,2,Gasoline,CA,small car,5,22,30,25,5,No,351
TOYOTA Supra 3.0,3,6,SemiAuto-8,2,Gasoline,FA,small car,5,22,30,25,5,No,351
VOLKSWAGEN Jetta,1.5,4,SemiAuto-8,2,Gasoline,CA,small car,7,31,41,35,7,Yes,256
VOLKSWAGEN Jetta,1.5,4,SemiAuto-8,2,Gasoline,FA,small car,7,31,41,35,7,Yes,256
VOLKSWAGEN Jetta SE/SEL,1.5,4,SemiAuto-8,2,Gasoline,CA,small car,7,29,40,33,7,Yes,268
VOLKSWAGEN Jetta SE/SEL,1.5,4,SemiAuto-8,2,Gasoline,FA,small car,7,29,40,33,7,Yes,268
VOLVO S60 B5,2,4,SemiAuto-8,2,Gasoline,FA,small car,5,26,35,30,6,No,299
VOLVO S60 B5,2,4,SemiAuto-8,4,Gasoline,FA,small car,5,25,33,28,6,No,316
VOLVO S90 B6,2,4,SemiAuto-8,4,Gasoline,CA,midsize car,7,23,31,26,5,No,341
VOLVO S90 B6,2,4,SemiAuto-8,4,Gasoline,FA,midsize car,7,23,31,26,5,No,341
INFINITI Q50,3,6,SemiAuto-7,2,Gasoline,CA,midsize car,3,20,29,23,5,No,388
INFINITI Q50,3,6,SemiAuto-7,2,Gasoline,FA,midsize car,3,20,29,23,5,No,388
INFINITI Q50,3,6,SemiAuto-7,4,Gasoline,CA,midsize car,3,19,27,22,5,No,403
INFINITI Q50,3,6,SemiAuto-7,4,Gasoline,FA,midsize car,3,19,27,22,5,No,403
INFINITI Q50 Red Sport,3,6,SemiAuto-7,2,Gasoline,CA,midsize car,3,20,26,22,5,No,403
INFINITI Q50 Red Sport,3,6,SemiAuto-7,2,Gasoline,FA,midsize car,3,20,26,22,5,No,403
INFINITI Q50 Red Sport,3,6,SemiAuto-7,4,Gasoline,CA,midsize car,3,19,26,22,5,No,411
INFINITI Q50 Red Sport,3,6,SemiAuto-7,4,Gasoline,FA,midsize car,3,19,26,22,5,No,411
INFINITI Q60,3,6,SemiAuto-7,2,Gasoline,CA,small car,3,19,28,22,5,No,404
INFINITI Q60,3,6,SemiAuto-7,2,Gasoline,FA,small car,3,19,28,22,5,No,404
INFINITI Q60,3,6,SemiAuto-7,4,Gasoline,CA,small car,3,19,27,22,5,No,403
INFINITI Q60,3,6,SemiAuto-7,4,Gasoline,FA,small car,3,19,27,22,5,No,403
INFINITI Q60 Red Sport,3,6,SemiAuto-7,2,Gasoline,CA,small car,3,20,27,22,5,No,405
INFINITI Q60 Red Sport,3,6,SemiAuto-7,2,Gasoline,FA,small car,3,20,27,22,5,No,405
INFINITI Q60 Red Sport,3,6,SemiAuto-7,4,Gasoline,CA,small car,3,19,26,21,4,No,423
INFINITI Q60 Red Sport,3,6,SemiAuto-7,4,Gasoline,FA,small car,3,19,26,21,4,No,423
LEXUS IS 300,3.5,6,SemiAuto-6,4,Gasoline,CA,small car,5,19,26,22,5,No,407
LEXUS IS 300,3.5,6,SemiAuto-6,4,Gasoline,FA,small car,5,19,26,22,5,No,407
LEXUS IS 350,3.5,6,SemiAuto-6,4,Gasoline,CA,small car,5,19,26,22,5,No,407
LEXUS IS 350,3.5,6,SemiAuto-6,4,Gasoline,FA,small car,5,19,26,22,5,No,407
LEXUS RC 300,3.5,6,SemiAuto-6,4,Gasoline,CA,small car,5,19,26,22,5,No,407
LEXUS RC 300,3.5,6,SemiAuto-6,4,Gasoline,FA,small car,5,19,26,22,5,No,407
LEXUS RC 350,3.5,6,SemiAuto-6,4,Gasoline,CA,small car,5,19,26,22,5,No,407
LEXUS RC 350,3.5,6,SemiAuto-6,4,Gasoline,FA,small car,5,19,26,22,5,No,407
MAZDA 3,2,4,SemiAuto-6,2,Gasoline,CA,small car,7,28,36,31,7,Yes,287
MAZDA 3,2,4,SemiAuto-6,2,Gasoline,FA,small car,7,28,36,31,7,Yes,287
MAZDA 3,2.5,4,SemiAuto-6,2,Gasoline,CA,midsize car,7,26,34,29,6,No,306
MAZDA 3,2.5,4,SemiAuto-6,2,Gasoline,CA,small car,7,26,35,30,6,No,300
MAZDA 3,2.5,4,SemiAuto-6,2,Gasoline,FA,midsize car,7,26,34,29,6,No,306
MAZDA 3,2.5,4,SemiAuto-6,2,Gasoline,FA,small car,7,26,35,30,6,No,300
MAZDA 3,2.5,4,SemiAuto-6,4,Gasoline,CA,midsize car,7,25,31,27,6,No,326
MAZDA 3,2.5,4,SemiAuto-6,4,Gasoline,CA,small car,7,25,33,28,6,No,320
MAZDA 3,2.5,4,SemiAuto-6,4,Gasoline,FA,midsize car,7,25,31,27,6,No,326
MAZDA 3,2.5,4,SemiAuto-6,4,Gasoline,FA,small car,7,25,33,28,6,No,320
MAZDA 3,2.5,4,SemiAuto-6,4,Gasoline,CA,midsize car,5,23,31,26,5,No,337
MAZDA 3,2.5,4,SemiAuto-6,4,Gasoline,CA,small car,5,23,32,27,6,No,334
MAZDA 3,2.5,4,SemiAuto-6,4,Gasoline,FA,midsize car,5,23,31,26,5,No,337
MAZDA 3,2.5,4,SemiAuto-6,4,Gasoline,FA,small car,5,23,32,27,6,No,334
MAZDA MX-5,2,4,SemiAuto-6,2,Gasoline,CA,small car,3,26,35,30,6,No,299
MAZDA MX-5,2,4,SemiAuto-6,2,Gasoline,FA,small car,3,26,35,30,6,No,299
SUBARU BRZ,2.4,4,SemiAuto-6,2,Gasoline,CA,small car,3,21,30,25,5,No,362
SUBARU BRZ,2.4,4,SemiAuto-6,2,Gasoline,FA,small car,3,21,30,25,5,No,362
TOYOTA GR86,2.4,4,SemiAuto-6,2,Gasoline,CA,small car,3,21,31,25,5,No,360
TOYOTA GR86,2.4,4,SemiAuto-6,2,Gasoline,FA,small car,3,21,31,25,5,No,360
TOYOTA Tacoma,2.7,4,SemiAuto-6,2,Gasoline,CA,pickup,5,20,23,21,4,No,423
TOYOTA Tacoma,2.7,4,SemiAuto-6,2,Gasoline,FA,pickup,5,20,23,21,4,No,423
TOYOTA Tacoma,2.7,4,SemiAuto-6,4,Gasoline,CA,pickup,5,19,22,20,4,No,441
TOYOTA Tacoma,2.7,4,SemiAuto-6,4,Gasoline,FA,pickup,5,19,22,20,4,No,441
TOYOTA Tacoma,3.5,6,SemiAuto-6,2,Gasoline,CA,pickup,5,19,24,21,4,No,431
TOYOTA Tacoma,3.5,6,SemiAuto-6,2,Gasoline,FA,pickup,5,19,24,21,4,No,431
TOYOTA Tacoma,3.5,6,SemiAuto-6,4,Gasoline,CA,pickup,5,18,22,20,4,No,448
TOYOTA Tacoma,3.5,6,SemiAuto-6,4,Gasoline,FA,pickup,5,18,22,20,4,No,448
VOLKSWAGEN Passat,2,4,SemiAuto-6,2,Gasoline,CA,midsize car,7,24,36,28,6,No,315
VOLKSWAGEN Passat,2,4,SemiAuto-6,2,Gasoline,FA,midsize car,7,24,36,28,6,No,315
ACURA TLX,2,4,SemiAuto-10,2,Gasoline,CA,small car,7,22,31,25,5,No,352
ACURA TLX,2,4,SemiAuto-10,2,Gasoline,FA,small car,7,22,31,25,5,No,352
ACURA TLX,2,4,SemiAuto-10,4,Gasoline,CA,small car,7,21,29,24,5,No,369
ACURA TLX,2,4,SemiAuto-10,4,Gasoline,FA,small car,7,21,29,24,5,No,369
ACURA TLX AWD A-SPEC,2,4,SemiAuto-10,4,Gasoline,CA,small car,7,21,29,24,5,No,371
ACURA TLX AWD A-SPEC,2,4,SemiAuto-10,4,Gasoline,FA,small car,7,21,29,24,5,No,371
ACURA TLX FWD A-SPEC,2,4,SemiAuto-10,2,Gasoline,CA,small car,7,22,30,25,5,No,357
ACURA TLX FWD A-SPEC,2,4,SemiAuto-10,2,Gasoline,FA,small car,7,22,30,25,5,No,357
ACURA TLX Type-S,3,6,SemiAuto-10,4,Gasoline,CA,small car,5,19,25,21,4,No,420
ACURA TLX Type-S,3,6,SemiAuto-10,4,Gasoline,FA,small car,5,19,25,21,4,No,420
ACURA TLX Type-S Perf Tire,3,6,SemiAuto-10,4,Gasoline,CA,small car,5,19,24,21,4,No,421
ACURA TLX Type-S Perf Tire,3,6,SemiAuto-10,4,Gasoline,FA,small car,5,19,24,21,4,No,421
CADILLAC CT4,2.7,4,SemiAuto-10,2,Gasoline,CA,small car,6,21,31,25,5,No,356
CADILLAC CT4,2.7,4,SemiAuto-10,2,Gasoline,FA,small car,6,21,31,25,5,No,356
CADILLAC CT4,2.7,4,SemiAuto-10,4,Gasoline,CA,small car,6,21,29,24,5,No,375
CADILLAC CT4,2.7,4,SemiAuto-10,4,Gasoline,FA,small car,6,21,29,24,5,No,375
CADILLAC CT4 V,2.7,4,SemiAuto-10,2,Gasoline,CA,small car,6,20,29,23,5,No,385
CADILLAC CT4 V,2.7,4,SemiAuto-10,2,Gasoline,FA,small car,6,20,29,23,5,No,385
CADILLAC CT4 V,2.7,4,SemiAuto-10,4,Gasoline,CA,small car,6,20,28,23,5,No,386
CADILLAC CT4 V,2.7,4,SemiAuto-10,4,Gasoline,FA,small car,6,20,28,23,5,No,386
CADILLAC CT4 V,3.6,6,SemiAuto-10,2,Gasoline,CA,small car,5,16,24,19,4,No,478
CADILLAC CT4 V,3.6,6,SemiAuto-10,2,Gasoline,FA,small car,5,16,24,19,4,No,478
CADILLAC CT5,2,4,SemiAuto-10,2,Gasoline,CA,midsize car,7,23,33,27,6,No,333
CADILLAC CT5,2,4,SemiAuto-10,2,Gasoline,FA,midsize car,7,23,33,27,6,No,333
CADILLAC CT5,2,4,SemiAuto-10,4,Gasoline,CA,midsize car,7,22,30,25,5,No,358
CADILLAC CT5,2,4,SemiAuto-10,4,Gasoline,FA,midsize car,7,22,30,25,5,No,358
CADILLAC CT5,3,6,SemiAuto-10,2,Gasoline,CA,midsize car,5,19,27,22,5,No,405
CADILLAC CT5,3,6,SemiAuto-10,2,Gasoline,FA,midsize car,5,19,27,22,5,No,405
CADILLAC CT5,3,6,SemiAuto-10,4,Gasoline,CA,midsize car,5,18,26,21,4,No,419
CADILLAC CT5,3,6,SemiAuto-10,4,Gasoline,FA,midsize car,5,18,26,21,4,No,419
CADILLAC CT5 V,3,6,SemiAuto-10,2,Gasoline,CA,midsize car,5,18,27,21,4,No,423
CADILLAC CT5 V,3,6,SemiAuto-10,2,Gasoline,FA,midsize car,5,18,27,21,4,No,423
CADILLAC CT5 V,3,6,SemiAuto-10,4,Gasoline,CA,midsize car,5,18,26,21,4,No,419
CADILLAC CT5 V,3,6,SemiAuto-10,4,Gasoline,FA,midsize car,5,18,26,21,4,No,419
CADILLAC CT5 V,6.2,8,SemiAuto-10,2,Gasoline,CA,midsize car,3,13,22,16,3,No,557
CADILLAC CT5 V,6.2,8,SemiAuto-10,2,Gasoline,FA,midsize car,3,13,22,16,3,No,557
CHEVROLET Camaro,3.6,6,SemiAuto-10,2,Gasoline,CA,small car,6,18,29,22,5,No,404
CHEVROLET Camaro,3.6,6,SemiAuto-10,2,Gasoline,FA,small car,6,18,29,22,5,No,404
CHEVROLET Camaro,6.2,8,SemiAuto-10,2,Gasoline,CA,small car,1,13,21,16,3,No,571
CHEVROLET Camaro,6.2,8,SemiAuto-10,2,Gasoline,FA,small car,1,13,21,16,3,No,571
CHEVROLET Camaro,6.2,8,SemiAuto-10,2,Gasoline,CA,small car,1,16,26,20,4,No,452
CHEVROLET Camaro,6.2,8,SemiAuto-10,2,Gasoline,FA,small car,1,16,26,20,4,No,452
FORD F150,2.7,6,SemiAuto-10,2,Gasoline,CA,pickup,6,20,26,22,5,No,404
FORD F150,2.7,6,SemiAuto-10,2,Gasoline,FA,pickup,6,20,26,22,5,No,404
FORD F150,2.7,6,SemiAuto-10,4,Gasoline,CA,pickup,6,17,23,20,4,No,453
FORD F150,2.7,6,SemiAuto-10,4,Gasoline,CA,pickup,6,19,24,21,4,No,433
FORD F150,2.7,6,SemiAuto-10,4,Gasoline,FA,pickup,6,17,23,20,4,No,453
FORD F150,2.7,6,SemiAuto-10,4,Gasoline,FA,pickup,6,19,24,21,4,No,433
FORD F150,3.5,6,SemiAuto-10,2,Gasoline,CA,pickup,6,17,24,20,4,No,444
FORD F150,3.5,6,SemiAuto-10,2,Gasoline,CA,pickup,6,18,24,20,4,No,436
FORD F150,3.5,6,SemiAuto-10,2,Gasoline,FA,pickup,6,17,24,20,4,No,444
FORD F150,3.5,6,SemiAuto-10,2,Gasoline,FA,pickup,6,18,24,20,4,No,436
FORD F150,3.5,6,SemiAuto-10,4,Gasoline,CA,pickup,6,17,23,19,4,No,467
FORD F150,3.5,6,SemiAuto-10,4,Gasoline,CA,pickup,6,18,23,20,4,No,444
FORD F150,3.5,6,SemiAuto-10,4,Gasoline,FA,pickup,6,17,23,19,4,No,467
FORD F150,3.5,6,SemiAuto-10,4,Gasoline,FA,pickup,6,18,23,20,4,No,444
FORD F150 HEV,3.5,6,SemiAuto-10,2,Gasoline,CA,pickup,6,25,25,25,5,No,353
FORD F150 HEV,3.5,6,SemiAuto-10,2,Gasoline,FA,pickup,6,25,25,25,5,No,353
FORD F150 HEV,3.5,6,SemiAuto-10,4,Gasoline,CA,pickup,6,23,23,23,5,No,386
FORD F150 HEV,3.5,6,SemiAuto-10,4,Gasoline,FA,pickup,6,23,23,23,5,No,386
FORD F150 Raptor,3.5,6,SemiAuto-10,4,Gasoline,CA,pickup,6,14,18,15,2,No,593
FORD F150 Raptor,3.5,6,SemiAuto-10,4,Gasoline,CA,pickup,6,15,18,16,3,No,553
FORD F150 Raptor,3.5,6,SemiAuto-10,4,Gasoline,FA,pickup,6,14,18,15,2,No,593
FORD F150 Raptor,3.5,6,SemiAuto-10,4,Gasoline,FA,pickup,6,15,18,16,3,No,553
FORD F150 Raptor 37,3.5,6,SemiAuto-10,4,Gasoline,CA,pickup,6,14,16,15,2,No,596
FORD F150 Raptor 37,3.5,6,SemiAuto-10,4,Gasoline,CA,pickup,6,15,16,15,2,No,578
FORD F150 Raptor 37,3.5,6,SemiAuto-10,4,Gasoline,FA,pickup,6,14,16,15,2,No,596
FORD F150 Raptor 37,3.5,6,SemiAuto-10,4,Gasoline,FA,pickup,6,15,16,15,2,No,578
FORD F150 Tremor,3.5,6,SemiAuto-10,4,Gasoline,CA,pickup,6,16,20,18,3,No,498
FORD F150 Tremor,3.5,6,SemiAuto-10,4,Gasoline,CA,pickup,6,16,20,18,3,No,503
FORD F150 Tremor,3.5,6,SemiAuto-10,4,Gasoline,FA,pickup,6,16,20,18,3,No,498
FORD F150 Tremor,3.5,6,SemiAuto-10,4,Gasoline,FA,pickup,6,16,20,18,3,No,503
FORD Mustang,2.3,4,SemiAuto-10,2,Gasoline,CA,small car,5,21,32,25,5,No,354
FORD Mustang,2.3,4,SemiAuto-10,2,Gasoline,FA,small car,5,21,32,25,5,No,354
FORD Mustang,5,8,SemiAuto-10,2,Gasoline,CA,small car,3,15,24,19,4,No,479
FORD Mustang,5,8,SemiAuto-10,2,Gasoline,FA,small car,3,15,24,19,4,No,479
FORD Mustang Convertible,2.3,4,SemiAuto-10,2,Gasoline,CA,small car,5,20,28,23,5,No,386
FORD Mustang Convertible,2.3,4,SemiAuto-10,2,Gasoline,FA,small car,5,20,28,23,5,No,386
FORD Mustang Convertible,5,8,SemiAuto-10,2,Gasoline,CA,small car,3,15,23,18,3,No,497
FORD Mustang Convertible,5,8,SemiAuto-10,2,Gasoline,FA,small car,3,15,23,18,3,No,497
FORD Mustang HO Convertible,2.3,4,SemiAuto-10,2,Gasoline,CA,small car,5,19,26,22,5,No,404
FORD Mustang HO Convertible,2.3,4,SemiAuto-10,2,Gasoline,FA,small car,5,19,26,22,5,No,404
FORD Mustang HO Coupe,2.3,4,SemiAuto-10,2,Gasoline,CA,small car,5,20,27,23,5,No,386
FORD Mustang HO Coupe,2.3,4,SemiAuto-10,2,Gasoline,FA,small car,5,20,27,23,5,No,386
FORD Mustang Mach 1,5,8,SemiAuto-10,2,Gasoline,CA,small car,3,15,23,18,3,No,493
FORD Mustang Mach 1,5,8,SemiAuto-10,2,Gasoline,FA,small car,3,15,23,18,3,No,493
FORD Ranger,2.3,4,SemiAuto-10,2,Gasoline,CA,pickup,5,21,26,23,5,No,387
FORD Ranger,2.3,4,SemiAuto-10,2,Gasoline,FA,pickup,5,21,26,23,5,No,387
FORD Ranger,2.3,4,SemiAuto-10,2,Gasoline,CA,pickup,6,20,26,22,5,No,397
FORD Ranger,2.3,4,SemiAuto-10,2,Gasoline,CA,pickup,6,21,26,23,5,No,387
FORD Ranger,2.3,4,SemiAuto-10,2,Gasoline,FA,pickup,6,20,26,22,5,No,397
FORD Ranger,2.3,4,SemiAuto-10,2,Gasoline,FA,pickup,6,21,26,23,5,No,387
FORD Ranger,2.3,4,SemiAuto-10,4,Gasoline,CA,pickup,5,20,24,22,5,No,411
FORD Ranger,2.3,4,SemiAuto-10,4,Gasoline,FA,pickup,5,20,24,22,5,No,411
FORD Ranger,2.3,4,SemiAuto-10,4,Gasoline,CA,pickup,6,19,24,21,4,No,420
FORD Ranger,2.3,4,SemiAuto-10,4,Gasoline,CA,pickup,6,20,24,22,5,No,411
FORD Ranger,2.3,4,SemiAuto-10,4,Gasoline,FA,pickup,6,19,24,21,4,No,420
FORD Ranger,2.3,4,SemiAuto-10,4,Gasoline,FA,pickup,6,20,24,22,5,No,411
FORD Ranger Tremor,2.3,4,SemiAuto-10,4,Gasoline,CA,pickup,3,19,19,19,4,No,468
FORD Ranger Tremor,2.3,4,SemiAuto-10,4,Gasoline,FA,pickup,3,19,19,19,4,No,468
HONDA Accord Sport/Touring,2,4,SemiAuto-10,2,Gasoline,CA,large car,7,22,32,26,5,No,345
HONDA Accord Sport/Touring,2,4,SemiAuto-10,2,Gasoline,FA,large car,7,22,32,26,5,No,345
LEXUS LC 500,5,8,SemiAuto-10,2,Gasoline,CA,small car,5,16,25,19,4,No,473
LEXUS LC 500,5,8,SemiAuto-10,2,Gasoline,FA,small car,5,16,25,19,4,No,473
LEXUS LC 500 Convertible,5,8,SemiAuto-10,2,Gasoline,CA,small car,5,15,25,18,3,No,489
LEXUS LC 500 Convertible,5,8,SemiAuto-10,2,Gasoline,FA,small car,5,15,25,18,3,No,489
LEXUS LS 500,3.4,6,SemiAuto-10,2,Gasoline,CA,midsize car,5,18,29,22,5,No,404
LEXUS LS 500,3.4,6,SemiAuto-10,2,Gasoline,FA,midsize car,5,18,29,22,5,No,404
LEXUS LS 500,3.4,6,SemiAuto-10,4,Gasoline,CA,midsize car,5,17,27,21,4,No,432
LEXUS LS 500,3.4,6,SemiAuto-10,4,Gasoline,FA,midsize car,5,17,27,21,4,No,432
TOYOTA Tundra,3.4,6,SemiAuto-10,2,Gasoline,CA,pickup,5,20,24,22,5,No,410
TOYOTA Tundra,3.4,6,SemiAuto-10,2,Gasoline,FA,pickup,5,20,24,22,5,No,410
TOYOTA Tundra,3.4,6,SemiAuto-10,2,Gasoline,CA,pickup,5,18,23,20,4,No,440
TOYOTA Tundra,3.4,6,SemiAuto-10,2,Gasoline,CA,pickup,5,18,24,20,4,No,441
TOYOTA Tundra,3.4,6,SemiAuto-10,2,Gasoline,FA,pickup,5,18,23,20,4,No,440
TOYOTA Tundra,3.4,6,SemiAuto-10,2,Gasoline,FA,pickup,5,18,24,20,4,No,441
TOYOTA Tundra,3.4,6,SemiAuto-10,4,Gasoline,CA,pickup,5,19,22,20,4,No,441
TOYOTA Tundra,3.4,6,SemiAuto-10,4,Gasoline,FA,pickup,5,19,22,20,4,No,441
TOYOTA Tundra,3.4,6,SemiAuto-10,4,Gasoline,CA,pickup,5,17,22,19,4,No,460
TOYOTA Tundra,3.4,6,SemiAuto-10,4,Gasoline,CA,pickup,5,17,23,19,4,No,459
TOYOTA Tundra,3.4,6,SemiAuto-10,4,Gasoline,FA,pickup,5,17,22,19,4,No,460
TOYOTA Tundra,3.4,6,SemiAuto-10,4,Gasoline,FA,pickup,5,17,23,19,4,No,459
TOYOTA Tundra PRO,3.4,6,SemiAuto-10,4,Gasoline,CA,pickup,5,18,20,19,4,No,461
TOYOTA Tundra PRO,3.4,6,SemiAuto-10,4,Gasoline,FA,pickup,5,18,20,19,4,No,461
PORSCHE 911 Carrera 4 GTS,3,6,Man-7,4,Gasoline,CA,small car,5,17,23,19,4,No,465
PORSCHE 911 Carrera 4 GTS,3,6,Man-7,4,Gasoline,FA,small car,5,17,23,19,4,No,465
PORSCHE 911 Carrera 4 GTS Cabriolet,3,6,Man-7,4,Gasoline,CA,small car,5,16,23,19,4,No,477
PORSCHE 911 Carrera 4 GTS Cabriolet,3,6,Man-7,4,Gasoline,FA,small car,5,16,23,19,4,No,477
PORSCHE 911 Carrera 4S,3,6,Man-7,4,Gasoline,CA,small car,5,17,25,20,4,No,442
PORSCHE 911 Carrera 4S,3,6,Man-7,4,Gasoline,FA,small car,5,17,25,20,4,No,442
PORSCHE 911 Carrera 4S Cabriolet,3,6,Man-7,4,Gasoline,CA,small car,5,17,24,20,4,No,452
PORSCHE 911 Carrera 4S Cabriolet,3,6,Man-7,4,Gasoline,FA,small car,5,17,24,20,4,No,452
PORSCHE 911 Carrera GTS,3,6,Man-7,2,Gasoline,CA,small car,5,17,24,20,4,No,444
PORSCHE 911 Carrera GTS,3,6,Man-7,2,Gasoline,FA,small car,5,17,24,20,4,No,444
PORSCHE 911 Carrera GTS Cabriolet,3,6,Man-7,2,Gasoline,CA,small car,5,17,24,20,4,No,448
PORSCHE 911 Carrera GTS Cabriolet,3,6,Man-7,2,Gasoline,FA,small car,5,17,24,20,4,No,448
PORSCHE 911 Carrera S,3,6,Man-7,2,Gasoline,CA,small car,5,18,25,21,4,No,425
PORSCHE 911 Carrera S,3,6,Man-7,2,Gasoline,FA,small car,5,18,25,21,4,No,425
PORSCHE 911 Carrera S Cabriolet,3,6,Man-7,2,Gasoline,CA,small car,5,17,25,20,4,No,443
PORSCHE 911 Carrera S Cabriolet,3,6,Man-7,2,Gasoline,FA,small car,5,17,25,20,4,No,443
PORSCHE 911 Targa 4 GTS,3,6,Man-7,4,Gasoline,CA,small car,5,16,23,19,4,No,477
PORSCHE 911 Targa 4 GTS,3,6,Man-7,4,Gasoline,FA,small car,5,16,23,19,4,No,477
PORSCHE 911 Targa 4S,3,6,Man-7,4,Gasoline,CA,small car,5,17,24,20,4,No,447
PORSCHE 911 Targa 4S,3,6,Man-7,4,Gasoline,FA,small car,5,17,24,20,4,No,447
BMW M3,3,6,Man-6,2,Gasoline,CA,small car,5,16,23,19,4,No,472
BMW M3,3,6,Man-6,2,Gasoline,FA,small car,5,16,23,19,4,No,472
BMW M4 Coupe,3,6,Man-6,2,Gasoline,CA,small car,5,16,23,19,4,No,472
BMW M4 Coupe,3,6,Man-6,2,Gasoline,FA,small car,5,16,23,19,4,No,472
CADILLAC CT4 V,3.6,6,Man-6,2,Gasoline,CA,small car,5,15,23,18,3,No,488
CADILLAC CT4 V,3.6,6,Man-6,2,Gasoline,FA,small car,5,15,23,18,3,No,488
CADILLAC CT5 V,6.2,8,Man-6,2,Gasoline,CA,midsize car,3,13,21,15,2,No,573
CADILLAC CT5 V,6.2,8,Man-6,2,Gasoline,FA,midsize car,3,13,21,15,2,No,573
CHEVROLET Camaro,2,4,Man-6,2,Gasoline,CA,small car,5,19,29,22,5,No,385
CHEVROLET Camaro,2,4,Man-6,2,Gasoline,FA,small car,5,19,29,22,5,No,385
CHEVROLET Camaro,3.6,6,Man-6,2,Gasoline,CA,small car,6,16,26,20,4,No,452
CHEVROLET Camaro,3.6,6,Man-6,2,Gasoline,FA,small car,6,16,26,20,4,No,452
CHEVROLET Camaro,6.2,8,Man-6,2,Gasoline,CA,small car,1,14,20,16,3,No,562
CHEVROLET Camaro,6.2,8,Man-6,2,Gasoline,FA,small car,1,14,20,16,3,No,562
CHEVROLET Camaro,6.2,8,Man-6,2,Gasoline,CA,small car,1,16,24,19,4,No,477
CHEVROLET Camaro,6.2,8,Man-6,2,Gasoline,FA,small car,1,16,24,19,4,No,477
DODGE Challenger,5.7,8,Man-6,2,Gasoline,CA,midsize car,1,15,23,18,3,No,494
DODGE Challenger,5.7,8,Man-6,2,Gasoline,FA,midsize car,1,15,23,18,3,No,494
DODGE Challenger,6.4,8,Man-6,2,Gasoline,FA,midsize car,1,14,23,17,3,No,523
DODGE Challenger SRT,6.2,8,Man-6,2,Gasoline,FA,midsize car,1,13,21,16,3,No,567
DODGE Challenger SRT Widebody,6.2,8,Man-6,2,Gasoline,FA,midsize car,1,13,21,16,3,No,567
DODGE Challenger Widebody,6.4,8,Man-6,2,Gasoline,FA,midsize car,1,14,23,17,3,No,523
FORD Mustang,2.3,4,Man-6,2,Gasoline,CA,small car,5,21,29,24,5,No,373
FORD Mustang,2.3,4,Man-6,2,Gasoline,FA,small car,5,21,29,24,5,No,373
FORD Mustang,5,8,Man-6,2,Gasoline,CA,small car,3,15,24,18,3,No,500
FORD Mustang,5,8,Man-6,2,Gasoline,FA,small car,3,15,24,18,3,No,500
FORD Mustang Convertible,2.3,4,Man-6,2,Gasoline,CA,small car,5,20,27,23,5,No,386
FORD Mustang Convertible,2.3,4,Man-6,2,Gasoline,FA,small car,5,20,27,23,5,No,386
FORD Mustang HO Convertible,2.3,4,Man-6,2,Gasoline,CA,small car,5,19,25,21,4,No,423
FORD Mustang HO Convertible,2.3,4,Man-6,2,Gasoline,FA,small car,5,19,25,21,4,No,423
FORD Mustang HO Coupe,2.3,4,Man-6,2,Gasoline,CA,small car,5,20,27,22,5,No,396
FORD Mustang HO Coupe,2.3,4,Man-6,2,Gasoline,FA,small car,5,20,27,22,5,No,396
FORD Mustang Mach 1,5,8,Man-6,2,Gasoline,CA,small car,3,14,22,17,3,No,523
FORD Mustang Mach 1,5,8,Man-6,2,Gasoline,FA,small car,3,14,22,17,3,No,523
HONDA Civic 4Dr,1.5,4,Man-6,2,Gasoline,CA,midsize car,6,27,37,31,7,No,285
HONDA Civic 4Dr,1.5,4,Man-6,2,Gasoline,FA,midsize car,6,27,37,31,7,No,285
HONDA Civic 5Dr,1.5,4,Man-6,2,Gasoline,CA,large car,6,28,37,31,7,No,282
HONDA Civic 5Dr,1.5,4,Man-6,2,Gasoline,FA,large car,6,28,37,31,7,No,282
HONDA Civic 5Dr,2,4,Man-6,2,Gasoline,CA,large car,6,26,36,29,6,No,304
HONDA Civic 5Dr,2,4,Man-6,2,Gasoline,FA,large car,6,26,36,29,6,No,304
HYUNDAI Elantra,1.6,4,Man-6,2,Gasoline,CA,midsize car,5,25,34,28,6,No,318
HYUNDAI Elantra,1.6,4,Man-6,2,Gasoline,FA,midsize car,5,25,34,28,6,No,318
HYUNDAI Elantra N,2,4,Man-6,2,Gasoline,CA,midsize car,3,22,31,25,5,No,358
HYUNDAI Elantra N,2,4,Man-6,2,Gasoline,FA,midsize car,3,22,31,25,5,No,358
HYUNDAI Veloster N,2,4,Man-6,2,Gasoline,CA,small car,3,22,28,25,5,No,363
HYUNDAI Veloster N,2,4,Man-6,2,Gasoline,FA,small car,3,22,28,25,5,No,363
JEEP Gladiator,3.6,6,Man-6,4,Gasoline,CA,pickup,5,16,23,19,4,No,476
JEEP Gladiator,3.6,6,Man-6,4,Gasoline,FA,pickup,5,16,23,19,4,No,476
KIA Forte,1.6,4,Man-6,2,Gasoline,CA,midsize car,5,22,31,26,5,No,348
KIA Forte,1.6,4,Man-6,2,Gasoline,FA,midsize car,5,22,31,26,5,No,348
MAZDA 3,2.5,4,Man-6,2,Gasoline,CA,midsize car,7,24,33,27,6,No,323
MAZDA 3,2.5,4,Man-6,2,Gasoline,FA,midsize car,7,24,33,27,6,No,323
MAZDA MX-5,2,4,Man-6,2,Gasoline,CA,small car,3,26,34,29,6,No,305
MAZDA MX-5,2,4,Man-6,2,Gasoline,FA,small car,3,26,34,29,6,No,305
MINI Cooper Convertible,1.5,3,Man-6,2,Gasoline,CA,small car,7,27,37,31,7,Yes,284
MINI Cooper Convertible,1.5,3,Man-6,2,Gasoline,FA,small car,7,27,37,31,7,Yes,284
MINI Cooper Hardtop,1.5,3,Man-6,2,Gasoline,CA,small car,7,27,37,31,7,Yes,284
MINI Cooper Hardtop,1.5,3,Man-6,2,Gasoline,FA,small car,7,27,37,31,7,Yes,284
MINI Cooper S Clubman,2,4,Man-6,2,Gasoline,CA,midsize car,7,23,33,26,5,No,335
MINI Cooper S Clubman,2,4,Man-6,2,Gasoline,FA,midsize car,7,23,33,26,5,No,335
MINI Cooper S Convertible,2,4,Man-6,2,Gasoline,CA,small car,7,23,33,26,5,No,335
MINI Cooper S Convertible,2,4,Man-6,2,Gasoline,FA,small car,7,23,33,26,5,No,335
MINI Cooper S Hardtop,2,4,Man-6,2,Gasoline,CA,small car,7,23,33,27,6,No,331
MINI Cooper S Hardtop,2,4,Man-6,2,Gasoline,FA,small car,7,23,33,27,6,No,331
MINI John Cooper Works Hardtop,2,4,Man-6,2,Gasoline,CA,small car,7,22,31,25,5,No,348
MINI John Cooper Works Hardtop,2,4,Man-6,2,Gasoline,FA,small car,7,22,31,25,5,No,348
PORSCHE 718 Boxster,2,4,Man-6,2,Gasoline,CA,small car,1,20,26,22,5,No,394
PORSCHE 718 Boxster,2,4,Man-6,2,Gasoline,FA,small car,1,20,26,22,5,No,394
PORSCHE 718 Boxster GTS 4.0,4,6,Man-6,2,Gasoline,CA,small car,5,17,24,19,4,No,458
PORSCHE 718 Boxster GTS 4.0,4,6,Man-6,2,Gasoline,FA,small car,5,17,24,19,4,No,458
PORSCHE 718 Boxster S,2.5,4,Man-6,2,Gasoline,CA,small car,1,19,24,21,4,No,423
PORSCHE 718 Boxster S,2.5,4,Man-6,2,Gasoline,FA,small car,1,19,24,21,4,No,423
PORSCHE 718 Boxster T,2,4,Man-6,2,Gasoline,CA,small car,1,20,26,22,5,No,394
PORSCHE 718 Boxster T,2,4,Man-6,2,Gasoline,FA,small car,1,20,26,22,5,No,394
PORSCHE 718 Cayman,2,4,Man-6,2,Gasoline,CA,small car,1,20,26,22,5,No,394
PORSCHE 718 Cayman,2,4,Man-6,2,Gasoline,FA,small car,1,20,26,22,5,No,394
PORSCHE 718 Cayman GT4,4,6,Man-6,2,Gasoline,CA,small car,5,17,23,19,4,No,460
PORSCHE 718 Cayman GT4,4,6,Man-6,2,Gasoline,FA,small car,5,17,23,19,4,No,460
PORSCHE 718 Cayman GTS 4.0,4,6,Man-6,2,Gasoline,CA,small car,5,17,24,19,4,No,458
PORSCHE 718 Cayman GTS 4.0,4,6,Man-6,2,Gasoline,FA,small car,5,17,24,19,4,No,458
PORSCHE 718 Cayman S,2.5,4,Man-6,2,Gasoline,CA,small car,1,19,24,21,4,No,423
PORSCHE 718 Cayman S,2.5,4,Man-6,2,Gasoline,FA,small car,1,19,24,21,4,No,423
PORSCHE 718 Cayman T,2,4,Man-6,2,Gasoline,CA,small car,1,20,26,22,5,No,394
PORSCHE 718 Cayman T,2,4,Man-6,2,Gasoline,FA,small car,1,20,26,22,5,No,394
PORSCHE 718 Spyder,4,6,Man-6,2,Gasoline,CA,small car,5,17,23,19,4,No,460
PORSCHE 718 Spyder,4,6,Man-6,2,Gasoline,FA,small car,5,17,23,19,4,No,460
PORSCHE 911 GT3,4,6,Man-6,2,Gasoline,CA,small car,3,14,18,16,3,No,571
PORSCHE 911 GT3,4,6,Man-6,2,Gasoline,FA,small car,3,14,18,16,3,No,571
PORSCHE 911 GT3 Touring,4,6,Man-6,2,Gasoline,CA,small car,3,14,18,16,3,No,570
PORSCHE 911 GT3 Touring,4,6,Man-6,2,Gasoline,FA,small car,3,14,18,16,3,No,570
SUBARU BRZ,2.4,4,Man-6,2,Gasoline,CA,small car,3,20,27,22,5,No,398
SUBARU BRZ,2.4,4,Man-6,2,Gasoline,FA,small car,3,20,27,22,5,No,398
SUBARU WRX,2.4,4,Man-6,4,Gasoline,CA,midsize car,3,19,26,22,5,No,407
SUBARU WRX,2.4,4,Man-6,4,Gasoline,FA,midsize car,3,19,26,22,5,No,407
TOYOTA Corolla,1.8,4,Man-6,2,Gasoline,CA,small car,5,29,39,33,7,No,271
TOYOTA Corolla,1.8,4,Man-6,2,Gasoline,FA,small car,5,29,39,33,7,No,271
TOYOTA Corolla,2,4,Man-6,2,Gasoline,CA,small car,7,29,36,32,7,Yes,277
TOYOTA Corolla,2,4,Man-6,2,Gasoline,FA,small car,7,29,36,32,7,Yes,277
TOYOTA Corolla Apex,2,4,Man-6,2,Gasoline,CA,small car,7,28,36,31,7,Yes,286
TOYOTA Corolla Apex,2,4,Man-6,2,Gasoline,FA,small car,7,28,36,31,7,Yes,286
TOYOTA Corolla Hatchback,2,4,Man-6,2,Gasoline,CA,small car,7,28,36,31,7,Yes,284
TOYOTA Corolla Hatchback,2,4,Man-6,2,Gasoline,FA,small car,7,28,36,31,7,Yes,284
TOYOTA GR86,2.4,4,Man-6,2,Gasoline,CA,small car,3,20,27,22,5,No,396
TOYOTA GR86,2.4,4,Man-6,2,Gasoline,FA,small car,3,20,27,22,5,No,396
TOYOTA Tacoma,3.5,6,Man-6,4,Gasoline,CA,pickup,5,17,21,18,3,No,481
TOYOTA Tacoma,3.5,6,Man-6,4,Gasoline,FA,pickup,5,17,21,18,3,No,481
TOYOTA Tacoma D-CAB MT TRD-ORP/PRO,3.5,6,Man-6,4,Gasoline,CA,pickup,5,17,20,18,3,No,483
TOYOTA Tacoma D-CAB MT TRD-ORP/PRO,3.5,6,Man-6,4,Gasoline,FA,pickup,5,17,20,18,3,No,483
VOLKSWAGEN GLI,2,4,Man-6,2,Gasoline,CA,small car,7,26,37,30,6,No,299
VOLKSWAGEN GLI,2,4,Man-6,2,Gasoline,FA,small car,7,26,37,30,6,No,299
VOLKSWAGEN GTI,2,4,Man-6,2,Gasoline,CA,midsize car,5,24,34,28,6,No,319
VOLKSWAGEN GTI,2,4,Man-6,2,Gasoline,FA,midsize car,5,24,34,28,6,No,319
VOLKSWAGEN Golf-R,2,4,Man-6,4,Gasoline,CA,midsize car,5,20,28,23,5,No,382
VOLKSWAGEN Golf-R,2,4,Man-6,4,Gasoline,FA,midsize car,5,20,28,23,5,No,382
VOLKSWAGEN Jetta,1.5,4,Man-6,2,Gasoline,CA,small car,7,29,43,34,7,Yes,259
VOLKSWAGEN Jetta,1.5,4,Man-6,2,Gasoline,FA,small car,7,29,43,34,7,Yes,259
CHEVROLET Spark,1.4,4,Man-5,2,Gasoline,CA,small car,5,29,38,33,7,No,273
CHEVROLET Spark,1.4,4,Man-5,2,Gasoline,FA,small car,5,29,38,33,7,No,273
CHEVROLET Spark Activ,1.4,4,Man-5,2,Gasoline,CA,small car,5,29,37,32,7,No,278
CHEVROLET Spark Activ,1.4,4,Man-5,2,Gasoline,FA,small car,5,29,37,32,7,No,278
MITSUBISHI Mirage,1.2,3,Man-5,2,Gasoline,CA,small car,5,33,41,36,7,No,242
MITSUBISHI Mirage,1.2,3,Man-5,2,Gasoline,FA,small car,5,33,41,36,7,No,242
MITSUBISHI Mirage G4,1.2,3,Man-5,2,Gasoline,CA,small car,5,33,40,35,7,No,252
MITSUBISHI Mirage G4,1.2,3,Man-5,2,Gasoline,FA,small car,5,33,40,35,7,No,252
NISSAN Versa,1.6,4,Man-5,2,Gasoline,CA,small car,7,27,35,30,6,No,296
NISSAN Versa,1.6,4,Man-5,2,Gasoline,FA,small car,7,27,35,30,6,No,296
SUBARU Impreza,2,4,Man-5,4,Gasoline,CA,midsize car,7,23,31,26,5,No,337
SUBARU Impreza,2,4,Man-5,4,Gasoline,FA,midsize car,7,23,31,26,5,No,337
CHEVROLET Malibu,1.5,4,CVT,2,Gasoline,CA,midsize car,7,29,36,32,7,Yes,275
CHEVROLET Malibu,1.5,4,CVT,2,Gasoline,FA,midsize car,7,29,36,32,7,Yes,275
CHEVROLET Spark,1.4,4,CVT,2,Gasoline,CA,small car,5,30,38,33,7,No,266
CHEVROLET Spark,1.4,4,CVT,2,Gasoline,FA,small car,5,30,38,33,7,No,266
CHEVROLET Spark Activ,1.4,4,CVT,2,Gasoline,CA,small car,5,30,37,33,7,No,266
CHEVROLET Spark Activ,1.4,4,CVT,2,Gasoline,FA,small car,5,30,37,33,7,No,266
FORD Maverick HEV,2.5,4,CVT,2,Gasoline,CA,pickup,6,42,33,37,8,No,237
FORD Maverick HEV,2.5,4,CVT,2,Gasoline,FA,pickup,6,42,33,37,8,No,237
HONDA Accord,1.5,4,CVT,2,Gasoline,CA,large car,7,30,38,33,7,Yes,268
HONDA Accord,1.5,4,CVT,2,Gasoline,FA,large car,7,30,38,33,7,Yes,268
HONDA Accord,2,4,CVT,2,Gasoline,CA,large car,7,48,47,47,9,Yes,186
HONDA Accord,2,4,CVT,2,Gasoline,FA,large car,7,48,47,47,9,Yes,186
HONDA Accord Sport/Touring,2,4,CVT,2,Gasoline,CA,large car,7,44,41,43,8,Yes,207
HONDA Accord Sport/Touring,2,4,CVT,2,Gasoline,FA,large car,7,44,41,43,8,Yes,207
HONDA Civic 4Dr,1.5,4,CVT,2,Gasoline,CA,midsize car,7,33,42,36,7,Yes,243
HONDA Civic 4Dr,1.5,4,CVT,2,Gasoline,FA,midsize car,7,33,42,36,7,Yes,243
HONDA Civic 4Dr,2,4,CVT,2,Gasoline,CA,midsize car,7,31,40,35,7,Yes,254
HONDA Civic 4Dr,2,4,CVT,2,Gasoline,FA,midsize car,7,31,40,35,7,Yes,254
HONDA Civic 5Dr,1.5,4,CVT,2,Gasoline,CA,large car,7,31,39,35,7,Yes,258
HONDA Civic 5Dr,1.5,4,CVT,2,Gasoline,FA,large car,7,31,39,35,7,Yes,258
HONDA Civic 5Dr,2,4,CVT,2,Gasoline,CA,large car,7,30,38,33,7,Yes,269
HONDA Civic 5Dr,2,4,CVT,2,Gasoline,FA,large car,7,30,38,33,7,Yes,269
HONDA Insight,1.5,4,CVT,2,Gasoline,CA,midsize car,7,55,49,52,9,Yes,170
HONDA Insight,1.5,4,CVT,2,Gasoline,FA,midsize car,7,55,49,52,9,Yes,170
HONDA Insight Touring,1.5,4,CVT,2,Gasoline,CA,small car,7,51,45,48,9,Yes,184
HONDA Insight Touring,1.5,4,CVT,2,Gasoline,FA,small car,7,51,45,48,9,Yes,184
KIA Forte,2,4,CVT,2,Gasoline,CA,midsize car,7,29,39,33,7,Yes,271
KIA Forte,2,4,CVT,2,Gasoline,FA,midsize car,7,29,39,33,7,Yes,271
KIA Forte,2,4,CVT,2,Gasoline,CA,midsize car,5,29,39,33,7,No,271
KIA Forte,2,4,CVT,2,Gasoline,FA,midsize car,5,29,39,33,7,No,271
KIA Forte FE,2,4,CVT,2,Gasoline,CA,midsize car,5,31,41,35,7,No,256
KIA Forte FE,2,4,CVT,2,Gasoline,FA,midsize car,5,31,41,35,7,No,256
MITSUBISHI Mirage,1.2,3,CVT,2,Gasoline,CA,small car,5,36,43,39,8,No,227
MITSUBISHI Mirage,1.2,3,CVT,2,Gasoline,FA,small car,5,36,43,39,8,No,227
MITSUBISHI Mirage G4,1.2,3,CVT,2,Gasoline,CA,small car,5,35,41,37,8,No,235
MITSUBISHI Mirage G4,1.2,3,CVT,2,Gasoline,FA,small car,5,35,41,37,8,No,235
NISSAN Altima,2.5,4,CVT,2,Gasoline,CA,midsize car,7,28,39,32,7,Yes,278
NISSAN Altima,2.5,4,CVT,2,Gasoline,FA,midsize car,7,28,39,32,7,Yes,278
NISSAN Altima,2.5,4,CVT,4,Gasoline,CA,midsize car,7,26,36,30,6,No,300
NISSAN Altima,2.5,4,CVT,4,Gasoline,FA,midsize car,7,26,36,30,6,No,300
NISSAN Altima SR,2.5,4,CVT,2,Gasoline,CA,midsize car,7,27,37,31,7,Yes,290
NISSAN Altima SR,2.5,4,CVT,2,Gasoline,FA,midsize car,7,27,37,31,7,Yes,290
NISSAN Altima SR/Platinum,2.5,4,CVT,4,Gasoline,CA,midsize car,7,25,35,29,6,No,307
NISSAN Altima SR/Platinum,2.5,4,CVT,4,Gasoline,FA,midsize car,7,25,35,29,6,No,307
NISSAN Altima SV/SL,2.5,4,CVT,2,Gasoline,CA,midsize car,7,27,37,31,7,Yes,287
NISSAN Altima SV/SL,2.5,4,CVT,2,Gasoline,FA,midsize car,7,27,37,31,7,Yes,287
NISSAN Kicks,1.6,4,CVT,2,Gasoline,CA,midsize car,7,31,36,33,7,Yes,269
NISSAN Kicks,1.6,4,CVT,2,Gasoline,FA,midsize car,7,31,36,33,7,Yes,269
NISSAN Sentra,2,4,CVT,2,Gasoline,CA,midsize car,7,29,39,33,7,Yes,269
NISSAN Sentra,2,4,CVT,2,Gasoline,FA,midsize car,7,29,39,33,7,Yes,269
NISSAN Sentra SR,2,4,CVT,2,Gasoline,CA,midsize car,7,28,37,32,7,Yes,283
NISSAN Sentra SR,2,4,CVT,2,Gasoline,FA,midsize car,7,28,37,32,7,Yes,283
NISSAN Versa,1.6,4,CVT,2,Gasoline,CA,small car,7,32,40,35,7,Yes,254
NISSAN Versa,1.6,4,CVT,2,Gasoline,FA,small car,7,32,40,35,7,Yes,254
TOYOTA Corolla,1.8,4,CVT,2,Gasoline,CA,small car,5,30,38,33,7,No,267
TOYOTA Corolla,1.8,4,CVT,2,Gasoline,FA,small car,5,30,38,33,7,No,267
TOYOTA Corolla Hybrid,1.8,4,CVT,2,Gasoline,CA,small car,7,53,52,52,9,Yes,170
TOYOTA Corolla Hybrid,1.8,4,CVT,2,Gasoline,FA,small car,7,53,52,52,9,Yes,170
TOYOTA Corolla XLE,1.8,4,CVT,2,Gasoline,CA,small car,5,29,37,32,7,No,274
TOYOTA Corolla XLE,1.8,4,CVT,2,Gasoline,FA,small car,5,29,37,32,7,No,274
TOYOTA Mirai LE,0,0,CVT,2,Hydrogen,FA,small car,10,76,71,74,10,Elite,0
TOYOTA Mirai LE,0,0,CVT,2,Hydrogen,CA,small car,10,76,71,74,10,Elite,0
TOYOTA Mirai Limited,0,0,CVT,2,Hydrogen,FA,small car,10,67,64,65,10,Elite,0
TOYOTA Mirai Limited,0,0,CVT,2,Hydrogen,CA,small car,10,67,64,65,10,Elite,0
TOYOTA Mirai XLE,0,0,CVT,2,Hydrogen,FA,small car,10,76,71,74,10,Elite,0
TOYOTA Mirai XLE,0,0,CVT,2,Hydrogen,CA,small car,10,76,71,74,10,Elite,0
TOYOTA Prius,1.8,4,CVT,2,Gasoline,CA,midsize car,7,54,50,52,9,Yes,170
TOYOTA Prius,1.8,4,CVT,2,Gasoline,FA,midsize car,7,54,50,52,9,Yes,170
TOYOTA Prius,1.8,4,CVT,4,Gasoline,CA,midsize car,7,51,47,49,9,Yes,179
TOYOTA Prius,1.8,4,CVT,4,Gasoline,FA,midsize car,7,51,47,49,9,Yes,179
TOYOTA Prius Eco,1.8,4,CVT,2,Gasoline,CA,midsize car,7,58,53,56,9,Yes,158
TOYOTA Prius Eco,1.8,4,CVT,2,Gasoline,FA,midsize car,7,58,53,56,9,Yes,158
CHEVROLET Malibu,2,4,Auto-9,2,Gasoline,CA,midsize car,5,22,33,26,5,No,342
CHEVROLET Malibu,2,4,Auto-9,2,Gasoline,FA,midsize car,5,22,33,26,5,No,342
MERCEDES-BENZ AMG C43 4Matic,3,6,Auto-9,4,Gasoline,CA,small car,5,19,28,22,5,No,402
MERCEDES-BENZ AMG C43 4Matic,3,6,Auto-9,4,Gasoline,CA,small car,5,19,28,22,5,No,406
MERCEDES-BENZ AMG C43 4Matic,3,6,Auto-9,4,Gasoline,FA,small car,5,19,28,22,5,No,402
MERCEDES-BENZ AMG C43 4Matic,3,6,Auto-9,4,Gasoline,FA,small car,5,19,28,22,5,No,406
MERCEDES-BENZ AMG E 53 4Matic+,3,6,Auto-9,4,Gasoline,CA,midsize car,6,21,29,24,5,No,373
MERCEDES-BENZ AMG E 53 4Matic+,3,6,Auto-9,4,Gasoline,CA,small car,6,20,27,22,5,No,397
MERCEDES-BENZ AMG E 53 4Matic+,3,6,Auto-9,4,Gasoline,CA,small car,6,20,28,23,5,No,384
MERCEDES-BENZ AMG E 53 4Matic+,3,6,Auto-9,4,Gasoline,FA,midsize car,6,21,29,24,5,No,373
MERCEDES-BENZ AMG E 53 4Matic+,3,6,Auto-9,4,Gasoline,FA,small car,6,20,27,22,5,No,397
MERCEDES-BENZ AMG E 53 4Matic+,3,6,Auto-9,4,Gasoline,FA,small car,6,20,28,23,5,No,384
MERCEDES-BENZ AMG GT 53 4Matic+,3,6,Auto-9,4,Gasoline,CA,small car,6,19,25,21,4,No,415
MERCEDES-BENZ AMG GT 53 4Matic+,3,6,Auto-9,4,Gasoline,FA,small car,6,19,25,21,4,No,415
MERCEDES-BENZ AMG GT43 4Matic+,3,6,Auto-9,4,Gasoline,CA,small car,6,19,25,21,4,No,415
MERCEDES-BENZ AMG GT43 4Matic+,3,6,Auto-9,4,Gasoline,FA,small car,6,19,25,21,4,No,415
MERCEDES-BENZ C300,2,4,Auto-9,2,Gasoline,CA,small car,6,21,28,24,5,No,373
MERCEDES-BENZ C300,2,4,Auto-9,2,Gasoline,CA,small car,6,22,31,25,5,No,350
MERCEDES-BENZ C300,2,4,Auto-9,2,Gasoline,FA,small car,6,21,28,24,5,No,373
MERCEDES-BENZ C300,2,4,Auto-9,2,Gasoline,FA,small car,6,22,31,25,5,No,350
MERCEDES-BENZ C300,2,4,Auto-9,2,Gasoline,CA,small car,7,25,35,29,6,No,305
MERCEDES-BENZ C300,2,4,Auto-9,2,Gasoline,FA,small car,7,25,35,29,6,No,305
MERCEDES-BENZ C300 4Matic,2,4,Auto-9,4,Gasoline,CA,small car,6,21,30,24,5,No,361
MERCEDES-BENZ C300 4Matic,2,4,Auto-9,4,Gasoline,CA,small car,6,22,31,25,5,No,350
MERCEDES-BENZ C300 4Matic,2,4,Auto-9,4,Gasoline,FA,small car,6,21,30,24,5,No,361
MERCEDES-BENZ C300 4Matic,2,4,Auto-9,4,Gasoline,FA,small car,6,22,31,25,5,No,350
MERCEDES-BENZ C300 4Matic,2,4,Auto-9,4,Gasoline,CA,small car,7,23,33,27,6,No,330
MERCEDES-BENZ C300 4Matic,2,4,Auto-9,4,Gasoline,FA,small car,7,23,33,27,6,No,330
MERCEDES-BENZ CLS450 4Matic,3,6,Auto-9,4,Gasoline,CA,small car,6,22,30,25,5,No,357
MERCEDES-BENZ CLS450 4Matic,3,6,Auto-9,4,Gasoline,FA,small car,6,22,30,25,5,No,357
MERCEDES-BENZ E350,2,4,Auto-9,2,Gasoline,CA,midsize car,6,23,31,26,5,No,342
MERCEDES-BENZ E350,2,4,Auto-9,2,Gasoline,FA,midsize car,6,23,31,26,5,No,342
MERCEDES-BENZ E350 4Matic,2,4,Auto-9,4,Gasoline,CA,midsize car,6,21,29,24,5,No,366
MERCEDES-BENZ E350 4Matic,2,4,Auto-9,4,Gasoline,FA,midsize car,6,21,29,24,5,No,366
MERCEDES-BENZ E450,3,6,Auto-9,2,Gasoline,CA,small car,6,22,29,25,5,No,360
MERCEDES-BENZ E450,3,6,Auto-9,2,Gasoline,FA,small car,6,22,29,25,5,No,360
MERCEDES-BENZ E450 4Matic,3,6,Auto-9,4,Gasoline,CA,midsize car,6,23,30,25,5,No,348
MERCEDES-BENZ E450 4Matic,3,6,Auto-9,4,Gasoline,CA,small car,6,21,30,24,5,No,362
MERCEDES-BENZ E450 4Matic,3,6,Auto-9,4,Gasoline,FA,midsize car,6,23,30,25,5,No,348
MERCEDES-BENZ E450 4Matic,3,6,Auto-9,4,Gasoline,FA,small car,6,21,30,24,5,No,362
MERCEDES-BENZ E450 4Matic Convertible,3,6,Auto-9,4,Gasoline,CA,small car,6,22,29,24,5,No,362
MERCEDES-BENZ E450 4Matic Convertible,3,6,Auto-9,4,Gasoline,FA,small car,6,22,29,24,5,No,362
MERCEDES-BENZ E450 Convertible,3,6,Auto-9,2,Gasoline,CA,small car,6,22,29,25,5,No,360
MERCEDES-BENZ E450 Convertible,3,6,Auto-9,2,Gasoline,FA,small car,6,22,29,25,5,No,360
MERCEDES-BENZ S500 4Matic,3,6,Auto-9,4,Gasoline,CA,large car,6,21,30,24,5,No,372
MERCEDES-BENZ S500 4Matic,3,6,Auto-9,4,Gasoline,FA,large car,6,21,30,24,5,No,372
MERCEDES-BENZ S580 4Matic,4,8,Auto-9,4,Gasoline,CA,large car,5,16,25,19,4,No,459
MERCEDES-BENZ S580 4Matic,4,8,Auto-9,4,Gasoline,FA,large car,5,16,25,19,4,No,459
MERCEDES-BENZ S580 4Matic Maybach,4,8,Auto-9,4,Gasoline,CA,large car,5,15,24,18,3,No,484
MERCEDES-BENZ S580 4Matic Maybach,4,8,Auto-9,4,Gasoline,FA,large car,5,15,24,18,3,No,484
ALFA ROMEO Giulia,2,4,Auto-8,2,Gasoline,CA,midsize car,5,24,33,27,6,No,330
ALFA ROMEO Giulia,2,4,Auto-8,2,Gasoline,FA,midsize car,5,24,33,27,6,No,330
ALFA ROMEO Giulia,2,4,Auto-8,2,Gasoline,CA,midsize car,3,24,33,27,6,No,330
ALFA ROMEO Giulia,2,4,Auto-8,2,Gasoline,FA,midsize car,3,24,33,27,6,No,330
ALFA ROMEO Giulia,2.9,6,Auto-8,2,Gasoline,CA,midsize car,3,17,25,20,4,No,436
ALFA ROMEO Giulia,2.9,6,Auto-8,2,Gasoline,FA,midsize car,3,17,25,20,4,No,436
ALFA ROMEO Giulia AWD,2,4,Auto-8,4,Gasoline,CA,midsize car,5,23,31,26,5,No,348
ALFA ROMEO Giulia AWD,2,4,Auto-8,4,Gasoline,FA,midsize car,5,23,31,26,5,No,348
ALFA ROMEO Giulia AWD,2,4,Auto-8,4,Gasoline,CA,midsize car,3,23,31,26,5,No,348
ALFA ROMEO Giulia AWD,2,4,Auto-8,4,Gasoline,FA,midsize car,3,23,31,26,5,No,348
ASTON MARTIN DB11 V8,4,8,Auto-8,2,Gasoline,CA,small car,5,18,24,20,4,No,431
ASTON MARTIN DB11 V8,4,8,Auto-8,2,Gasoline,FA,small car,5,18,24,20,4,No,431
ASTON MARTIN Vantage,4,8,Auto-8,2,Gasoline,CA,small car,5,18,24,20,4,No,435
ASTON MARTIN Vantage,4,8,Auto-8,2,Gasoline,FA,small car,5,18,24,20,4,No,435
CHEVROLET Colorado,3.6,6,Auto-8,2,Gasoline,CA,pickup,6,18,25,21,4,No,424
CHEVROLET Colorado,3.6,6,Auto-8,2,Gasoline,FA,pickup,6,18,25,21,4,No,424
CHEVROLET Colorado,3.6,6,Auto-8,4,Gasoline,CA,pickup,6,17,24,19,4,No,465
CHEVROLET Colorado,3.6,6,Auto-8,4,Gasoline,FA,pickup,6,17,24,19,4,No,465
CHEVROLET Colorado ZR2,3.6,6,Auto-8,4,Gasoline,CA,pickup,6,16,18,17,3,No,529
CHEVROLET Colorado ZR2,3.6,6,Auto-8,4,Gasoline,FA,pickup,6,16,18,17,3,No,529
CHEVROLET Silverado,2.7,4,Auto-8,2,Gasoline,CA,pickup,6,19,22,20,4,No,441
CHEVROLET Silverado,2.7,4,Auto-8,2,Gasoline,FA,pickup,6,19,22,20,4,No,441
CHEVROLET Silverado,2.7,4,Auto-8,4,Gasoline,CA,pickup,6,17,20,18,3,No,486
CHEVROLET Silverado,2.7,4,Auto-8,4,Gasoline,CA,pickup,6,17,20,18,3,No,489
CHEVROLET Silverado,2.7,4,Auto-8,4,Gasoline,FA,pickup,6,17,20,18,3,No,486
CHEVROLET Silverado,2.7,4,Auto-8,4,Gasoline,FA,pickup,6,17,20,18,3,No,489
CHEVROLET Silverado,5.3,8,Auto-8,2,Gasoline,CA,pickup,6,16,21,18,3,No,502
CHEVROLET Silverado,5.3,8,Auto-8,2,Gasoline,CA,pickup,6,16,21,18,3,No,505
CHEVROLET Silverado,5.3,8,Auto-8,2,Gasoline,FA,pickup,6,16,21,18,3,No,502
CHEVROLET Silverado,5.3,8,Auto-8,2,Gasoline,FA,pickup,6,16,21,18,3,No,505
CHEVROLET Silverado,5.3,8,Auto-8,4,Gasoline,CA,pickup,6,15,20,17,3,No,521
CHEVROLET Silverado,5.3,8,Auto-8,4,Gasoline,CA,pickup,6,15,20,17,3,No,522
CHEVROLET Silverado,5.3,8,Auto-8,4,Gasoline,FA,pickup,6,15,20,17,3,No,521
CHEVROLET Silverado,5.3,8,Auto-8,4,Gasoline,FA,pickup,6,15,20,17,3,No,522
CHEVROLET Silverado 4WD Mud Terrain Tire,2.7,4,Auto-8,4,Gasoline,CA,pickup,6,16,18,17,3,No,522
CHEVROLET Silverado 4WD Mud Terrain Tire,2.7,4,Auto-8,4,Gasoline,FA,pickup,6,16,18,17,3,No,522
CHEVROLET Silverado 4WD Mud Terrain Tire,5.3,8,Auto-8,4,Gasoline,CA,pickup,6,14,18,15,2,No,577
CHEVROLET Silverado 4WD Mud Terrain Tire,5.3,8,Auto-8,4,Gasoline,FA,pickup,6,14,18,15,2,No,577
CHRYSLER 300,3.6,6,Auto-8,2,Gasoline,CA,large car,5,19,30,23,5,No,389
CHRYSLER 300,3.6,6,Auto-8,2,Gasoline,FA,large car,5,19,30,23,5,No,389
CHRYSLER 300,3.6,6,Auto-8,4,Gasoline,CA,large car,5,18,27,21,4,No,415
CHRYSLER 300,3.6,6,Auto-8,4,Gasoline,FA,large car,5,18,27,21,4,No,415
CHRYSLER 300,5.7,8,Auto-8,2,Gasoline,CA,large car,3,16,25,19,4,No,466
CHRYSLER 300,5.7,8,Auto-8,2,Gasoline,FA,large car,3,16,25,19,4,No,466
DODGE Challenger,3.6,6,Auto-8,2,Gasoline,CA,midsize car,5,19,30,23,5,No,389
DODGE Challenger,3.6,6,Auto-8,2,Gasoline,FA,midsize car,5,19,30,23,5,No,389
DODGE Challenger,3.6,6,Auto-8,4,Gasoline,CA,midsize car,5,18,27,21,4,No,415
DODGE Challenger,3.6,6,Auto-8,4,Gasoline,FA,midsize car,5,18,27,21,4,No,415
DODGE Challenger,5.7,8,Auto-8,2,Gasoline,CA,midsize car,3,16,25,19,4,No,466
DODGE Challenger,5.7,8,Auto-8,2,Gasoline,FA,midsize car,3,16,25,19,4,No,466
DODGE Challenger,6.4,8,Auto-8,2,Gasoline,FA,midsize car,1,15,24,18,3,No,495
DODGE Challenger SRT,6.2,8,Auto-8,2,Gasoline,FA,midsize car,1,13,22,16,3,No,546
DODGE Challenger SRT Widebody,6.2,8,Auto-8,2,Gasoline,FA,midsize car,1,13,21,15,2,No,572
DODGE Challenger Widebody,6.4,8,Auto-8,2,Gasoline,FA,midsize car,1,15,24,18,3,No,495
DODGE Charger,3.6,6,Auto-8,2,Gasoline,CA,large car,5,19,30,23,5,No,389
DODGE Charger,3.6,6,Auto-8,2,Gasoline,FA,large car,5,19,30,23,5,No,389
DODGE Charger,3.6,6,Auto-8,4,Gasoline,CA,large car,5,18,27,21,4,No,415
DODGE Charger,3.6,6,Auto-8,4,Gasoline,FA,large car,5,18,27,21,4,No,415
DODGE Charger,5.7,8,Auto-8,2,Gasoline,CA,large car,3,16,25,19,4,No,466
DODGE Charger,5.7,8,Auto-8,2,Gasoline,FA,large car,3,16,25,19,4,No,466
DODGE Charger,6.4,8,Auto-8,2,Gasoline,FA,large car,1,15,24,18,3,No,495
DODGE Charger SRT Widebody,6.2,8,Auto-8,2,Gasoline,FA,large car,1,12,21,15,2,No,592
DODGE Charger Widebody,6.4,8,Auto-8,2,Gasoline,FA,large car,1,15,24,18,3,No,495
FORD Maverick,2,4,Auto-8,2,Gasoline,CA,pickup,5,23,30,26,5,No,342
FORD Maverick,2,4,Auto-8,2,Gasoline,FA,pickup,5,23,30,26,5,No,342
FORD Maverick,2,4,Auto-8,4,Gasoline,CA,pickup,5,22,29,25,5,No,356
FORD Maverick,2,4,Auto-8,4,Gasoline,FA,pickup,5,22,29,25,5,No,356
GMC Canyon,3.6,6,Auto-8,2,Gasoline,CA,pickup,6,18,25,21,4,No,424
GMC Canyon,3.6,6,Auto-8,2,Gasoline,FA,pickup,6,18,25,21,4,No,424
GMC Canyon,3.6,6,Auto-8,4,Gasoline,CA,pickup,6,17,24,19,4,No,465
GMC Canyon,3.6,6,Auto-8,4,Gasoline,FA,pickup,6,17,24,19,4,No,465
GMC Sierra,2.7,4,Auto-8,2,Gasoline,CA,pickup,6,19,22,20,4,No,441
GMC Sierra,2.7,4,Auto-8,2,Gasoline,FA,pickup,6,19,22,20,4,No,441
GMC Sierra,2.7,4,Auto-8,4,Gasoline,CA,pickup,6,17,20,18,3,No,489
GMC Sierra,2.7,4,Auto-8,4,Gasoline,CA,pickup,6,17,20,18,3,No,492
GMC Sierra,2.7,4,Auto-8,4,Gasoline,FA,pickup,6,17,20,18,3,No,489
GMC Sierra,2.7,4,Auto-8,4,Gasoline,FA,pickup,6,17,20,18,3,No,492
GMC Sierra,5.3,8,Auto-8,2,Gasoline,CA,pickup,6,16,21,18,3,No,503
GMC Sierra,5.3,8,Auto-8,2,Gasoline,CA,pickup,6,16,21,18,3,No,506
GMC Sierra,5.3,8,Auto-8,2,Gasoline,FA,pickup,6,16,21,18,3,No,503
GMC Sierra,5.3,8,Auto-8,2,Gasoline,FA,pickup,6,16,21,18,3,No,506
GMC Sierra,5.3,8,Auto-8,4,Gasoline,CA,pickup,6,15,20,17,3,No,521
GMC Sierra,5.3,8,Auto-8,4,Gasoline,CA,pickup,6,15,20,17,3,No,523
GMC Sierra,5.3,8,Auto-8,4,Gasoline,FA,pickup,6,15,20,17,3,No,521
GMC Sierra,5.3,8,Auto-8,4,Gasoline,FA,pickup,6,15,20,17,3,No,523
GMC Sierra 4WD Mud Terrain Tires,2.7,4,Auto-8,4,Gasoline,CA,pickup,6,16,18,17,3,No,522
GMC Sierra 4WD Mud Terrain Tires,2.7,4,Auto-8,4,Gasoline,FA,pickup,6,16,18,17,3,No,522
GMC Sierra 4WD Mud Terrain Tires,5.3,8,Auto-8,4,Gasoline,CA,pickup,6,14,18,15,2,No,577
GMC Sierra 4WD Mud Terrain Tires,5.3,8,Auto-8,4,Gasoline,FA,pickup,6,14,18,15,2,No,577
JEEP Gladiator,3.6,6,Auto-8,4,Gasoline,CA,pickup,7,17,22,19,4,No,466
JEEP Gladiator,3.6,6,Auto-8,4,Gasoline,FA,pickup,7,17,22,19,4,No,466
JEEP Gladiator EcoDiesel 4X4,3,6,Auto-8,4,Diesel,CA,pickup,1,22,28,24,4,No,423
JEEP Gladiator EcoDiesel 4X4,3,6,Auto-8,4,Diesel,FA,pickup,1,22,28,24,4,No,423
JEEP Gladiator Rubic EcoDiesel 4x4,3,6,Auto-8,4,Diesel,CA,pickup,1,21,27,24,4,No,436
JEEP Gladiator Rubic EcoDiesel 4x4,3,6,Auto-8,4,Diesel,FA,pickup,1,21,27,24,4,No,436
MASERATI Ghibli GT,3,6,Auto-8,2,Gasoline,CA,midsize car,3,18,25,20,4,No,436
MASERATI Ghibli GT,3,6,Auto-8,2,Gasoline,FA,midsize car,3,18,25,20,4,No,436
MASERATI Ghibli Modena,3,6,Auto-8,2,Gasoline,CA,midsize car,3,18,25,20,4,No,436
MASERATI Ghibli Modena,3,6,Auto-8,2,Gasoline,FA,midsize car,3,18,25,20,4,No,436
MASERATI Ghibli Modena,3,6,Auto-8,4,Gasoline,CA,midsize car,3,16,24,19,4,No,472
MASERATI Ghibli Modena,3,6,Auto-8,4,Gasoline,FA,midsize car,3,16,24,19,4,No,472
MASERATI Ghibli Trofeo,3.8,8,Auto-8,2,Gasoline,CA,midsize car,1,13,20,16,3,No,560
MASERATI Ghibli Trofeo,3.8,8,Auto-8,2,Gasoline,CA,midsize car,3,13,20,16,3,No,560
MASERATI Ghibli Trofeo,3.8,8,Auto-8,2,Gasoline,FA,midsize car,3,13,20,16,3,No,560
MASERATI Ghibli Trofeo,3.8,8,Auto-8,2,Gasoline,FA,midsize car,1,13,20,16,3,No,560
MASERATI Quattroporte GT,3,6,Auto-8,2,Gasoline,CA,large car,3,16,25,19,4,No,453
MASERATI Quattroporte GT,3,6,Auto-8,2,Gasoline,FA,large car,3,16,25,19,4,No,453
MASERATI Quattroporte Modena,3,6,Auto-8,2,Gasoline,CA,large car,3,16,25,19,4,No,453
MASERATI Quattroporte Modena,3,6,Auto-8,2,Gasoline,FA,large car,3,16,25,19,4,No,453
MASERATI Quattroporte Modena,3,6,Auto-8,4,Gasoline,CA,large car,3,16,24,19,4,No,472
MASERATI Quattroporte Modena,3,6,Auto-8,4,Gasoline,FA,large car,3,16,24,19,4,No,472
MASERATI Quattroporte Trofeo,3.8,8,Auto-8,2,Gasoline,CA,large car,1,13,20,16,3,No,560
MASERATI Quattroporte Trofeo,3.8,8,Auto-8,2,Gasoline,CA,large car,3,13,20,16,3,No,560
MASERATI Quattroporte Trofeo,3.8,8,Auto-8,2,Gasoline,FA,large car,3,13,20,16,3,No,560
MASERATI Quattroporte Trofeo,3.8,8,Auto-8,2,Gasoline,FA,large car,1,13,20,16,3,No,560
RAM 1500,3,6,Auto-8,2,Diesel,CA,pickup,1,22,32,26,5,No,390
RAM 1500,3,6,Auto-8,2,Diesel,FA,pickup,1,22,32,26,5,No,390
RAM 1500,3,6,Auto-8,4,Diesel,CA,pickup,1,21,29,24,4,No,418
RAM 1500,3,6,Auto-8,4,Diesel,FA,pickup,1,21,29,24,4,No,418
RAM 1500,3.6,6,Auto-8,2,Gasoline,CA,pickup,5,20,25,22,5,No,407
RAM 1500,3.6,6,Auto-8,2,Gasoline,FA,pickup,5,20,25,22,5,No,407
RAM 1500,3.6,6,Auto-8,2,Gasoline,CA,pickup,7,20,25,22,5,No,407
RAM 1500,3.6,6,Auto-8,2,Gasoline,FA,pickup,7,20,25,22,5,No,407
RAM 1500,3.6,6,Auto-8,4,Gasoline,CA,pickup,5,19,24,21,4,No,417
RAM 1500,3.6,6,Auto-8,4,Gasoline,FA,pickup,5,19,24,21,4,No,417
RAM 1500,3.6,6,Auto-8,4,Gasoline,CA,pickup,7,19,24,21,4,No,417
RAM 1500,3.6,6,Auto-8,4,Gasoline,FA,pickup,7,19,24,21,4,No,417
RAM 1500,5.7,8,Auto-8,2,Gasoline,CA,pickup,5,15,22,17,3,No,514
RAM 1500,5.7,8,Auto-8,2,Gasoline,FA,pickup,5,15,22,17,3,No,514
RAM 1500,5.7,8,Auto-8,2,Gasoline,CA,pickup,5,18,23,20,4,No,443
RAM 1500,5.7,8,Auto-8,2,Gasoline,FA,pickup,5,18,23,20,4,No,443
RAM 1500,5.7,8,Auto-8,4,Gasoline,CA,pickup,5,15,21,17,3,No,523
RAM 1500,5.7,8,Auto-8,4,Gasoline,FA,pickup,5,15,21,17,3,No,523
RAM 1500,5.7,8,Auto-8,4,Gasoline,CA,pickup,5,18,22,19,4,No,456
RAM 1500,5.7,8,Auto-8,4,Gasoline,FA,pickup,5,18,22,19,4,No,456
RAM 1500 Classic,3.6,6,Auto-8,2,Gasoline,CA,pickup,7,17,25,20,4,No,450
RAM 1500 Classic,3.6,6,Auto-8,2,Gasoline,FA,pickup,7,17,25,20,4,No,450
RAM 1500 Classic,3.6,6,Auto-8,2,Gasoline,CA,pickup,3,17,25,20,4,No,450
RAM 1500 Classic,3.6,6,Auto-8,2,Gasoline,FA,pickup,3,17,25,20,4,No,450
RAM 1500 Classic,3.6,6,Auto-8,4,Gasoline,CA,pickup,7,16,23,19,4,No,475
RAM 1500 Classic,3.6,6,Auto-8,4,Gasoline,FA,pickup,7,16,23,19,4,No,475
RAM 1500 Classic,3.6,6,Auto-8,4,Gasoline,CA,pickup,3,16,23,19,4,No,475
RAM 1500 Classic,3.6,6,Auto-8,4,Gasoline,FA,pickup,3,16,23,19,4,No,475
RAM 1500 Classic,5.7,8,Auto-8,2,Gasoline,CA,pickup,5,15,21,17,3,No,519
RAM 1500 Classic,5.7,8,Auto-8,2,Gasoline,FA,pickup,5,15,21,17,3,No,519
RAM 1500 Classic,5.7,8,Auto-8,2,Gasoline,CA,pickup,3,15,21,17,3,No,519
RAM 1500 Classic,5.7,8,Auto-8,2,Gasoline,FA,pickup,3,15,21,17,3,No,519
RAM 1500 Classic,5.7,8,Auto-8,4,Gasoline,CA,pickup,5,15,21,17,3,No,526
RAM 1500 Classic,5.7,8,Auto-8,4,Gasoline,FA,pickup,5,15,21,17,3,No,526
RAM 1500 Classic,5.7,8,Auto-8,4,Gasoline,CA,pickup,3,15,21,17,3,No,526
RAM 1500 Classic,5.7,8,Auto-8,4,Gasoline,FA,pickup,3,15,21,17,3,No,526
RAM 1500 HFE,3,6,Auto-8,2,Diesel,CA,pickup,1,23,33,26,5,No,384
RAM 1500 HFE,3,6,Auto-8,2,Diesel,FA,pickup,1,23,33,26,5,No,384
RAM 1500 HFE,3.6,6,Auto-8,2,Gasoline,CA,pickup,5,20,26,23,5,No,394
RAM 1500 HFE,3.6,6,Auto-8,2,Gasoline,FA,pickup,5,20,26,23,5,No,394
RAM 1500 HFE,3.6,6,Auto-8,2,Gasoline,CA,pickup,7,20,26,23,5,No,394
RAM 1500 HFE,3.6,6,Auto-8,2,Gasoline,FA,pickup,7,20,26,23,5,No,394
RAM 1500 TRX,6.2,8,Auto-8,4,Gasoline,CA,pickup,1,10,14,12,1,No,748
RAM 1500 TRX,6.2,8,Auto-8,4,Gasoline,FA,pickup,1,10,14,12,1,No,748
CHEVROLET Colorado,2.5,4,Auto-6,2,Gasoline,CA,pickup,6,19,25,22,5,No,413
CHEVROLET Colorado,2.5,4,Auto-6,2,Gasoline,FA,pickup,6,19,25,22,5,No,413
CHEVROLET Colorado,2.5,4,Auto-6,4,Gasoline,CA,pickup,6,19,24,21,4,No,431
CHEVROLET Colorado,2.5,4,Auto-6,4,Gasoline,FA,pickup,6,19,24,21,4,No,431
CHEVROLET Colorado,2.8,4,Auto-6,2,Diesel,CA,pickup,3,20,30,23,4,No,435
CHEVROLET Colorado,2.8,4,Auto-6,2,Diesel,FA,pickup,3,20,30,23,4,No,435
CHEVROLET Colorado,2.8,4,Auto-6,4,Diesel,CA,pickup,3,19,28,22,4,No,455
CHEVROLET Colorado,2.8,4,Auto-6,4,Diesel,FA,pickup,3,19,28,22,4,No,455
CHEVROLET Colorado ZR2,2.8,4,Auto-6,4,Diesel,CA,pickup,3,18,22,19,3,No,525
CHEVROLET Colorado ZR2,2.8,4,Auto-6,4,Diesel,FA,pickup,3,18,22,19,3,No,525
GMC Canyon,2.5,4,Auto-6,2,Gasoline,CA,pickup,6,19,25,22,5,No,413
GMC Canyon,2.5,4,Auto-6,2,Gasoline,FA,pickup,6,19,25,22,5,No,413
GMC Canyon,2.5,4,Auto-6,4,Gasoline,CA,pickup,6,19,24,21,4,No,431
GMC Canyon,2.5,4,Auto-6,4,Gasoline,FA,pickup,6,19,24,21,4,No,431
GMC Canyon,2.8,4,Auto-6,2,Diesel,CA,pickup,3,20,30,23,4,No,435
GMC Canyon,2.8,4,Auto-6,2,Diesel,FA,pickup,3,20,30,23,4,No,435
GMC Canyon,2.8,4,Auto-6,4,Diesel,CA,pickup,3,19,28,22,4,No,455
GMC Canyon,2.8,4,Auto-6,4,Diesel,FA,pickup,3,19,28,22,4,No,455
AUDI RS e-tron GT,0,0,Auto-2,4,Electricity,FA,midsize car,10,79,82,81,10,Elite,0
AUDI RS e-tron GT,0,0,Auto-2,4,Electricity,CA,midsize car,10,79,82,81,10,Elite,0
AUDI e-tron GT,0,0,Auto-2,4,Electricity,FA,midsize car,10,81,83,82,10,Elite,0
AUDI e-tron GT,0,0,Auto-2,4,Electricity,CA,midsize car,10,81,83,82,10,Elite,0
PORSCHE Taycan 4 Cross Turismo,0,0,Auto-2,4,Electricity,FA,midsize car,10,76,77,76,10,Elite,0
PORSCHE Taycan 4 Cross Turismo,0,0,Auto-2,4,Electricity,CA,midsize car,10,76,77,76,10,Elite,0
PORSCHE Taycan 4S Cross Turismo,0,0,Auto-2,4,Electricity,FA,midsize car,10,75,75,75,10,Elite,0
PORSCHE Taycan 4S Cross Turismo,0,0,Auto-2,4,Electricity,CA,midsize car,10,75,75,75,10,Elite,0
PORSCHE Taycan 4S Perf Battery,0,0,Auto-2,4,Electricity,FA,small car,10,79,80,79,10,Elite,0
PORSCHE Taycan 4S Perf Battery,0,0,Auto-2,4,Electricity,CA,small car,10,79,80,79,10,Elite,0
PORSCHE Taycan 4S Perf Battery Plus,0,0,Auto-2,4,Electricity,FA,small car,10,75,81,77,10,Elite,0
PORSCHE Taycan 4S Perf Battery Plus,0,0,Auto-2,4,Electricity,CA,small car,10,75,81,77,10,Elite,0
PORSCHE Taycan GTS,0,0,Auto-2,4,Electricity,FA,small car,10,83,82,83,10,Elite,0
PORSCHE Taycan GTS,0,0,Auto-2,4,Electricity,CA,small car,10,83,82,83,10,Elite,0
PORSCHE Taycan GTS ST,0,0,Auto-2,4,Electricity,FA,small car,10,80,80,80,10,Elite,0
PORSCHE Taycan GTS ST,0,0,Auto-2,4,Electricity,CA,small car,10,80,80,80,10,Elite,0
PORSCHE Taycan Perf Battery,0,0,Auto-2,2,Electricity,FA,small car,10,76,84,79,10,Elite,0
PORSCHE Taycan Perf Battery,0,0,Auto-2,2,Electricity,CA,small car,10,76,84,79,10,Elite,0
PORSCHE Taycan Perf Battery Plus,0,0,Auto-2,2,Electricity,FA,small car,10,47,42,45,10,Elite,0
PORSCHE Taycan Perf Battery Plus,0,0,Auto-2,2,Electricity,CA,small car,10,47,42,45,10,Elite,0
PORSCHE Taycan Turbo,0,0,Auto-2,4,Electricity,FA,small car,10,71,75,73,10,Elite,0
PORSCHE Taycan Turbo,0,0,Auto-2,4,Electricity,CA,small car,10,71,75,73,10,Elite,0
PORSCHE Taycan Turbo Cross Turismo,0,0,Auto-2,4,Electricity,FA,midsize car,10,72,72,72,10,Elite,0
PORSCHE Taycan Turbo Cross Turismo,0,0,Auto-2,4,Electricity,CA,midsize car,10,72,72,72,10,Elite,0
PORSCHE Taycan Turbo S,0,0,Auto-2,4,Electricity,FA,small car,10,69,71,70,10,Elite,0
PORSCHE Taycan Turbo S,0,0,Auto-2,4,Electricity,CA,small car,10,69,71,70,10,Elite,0
PORSCHE Taycan Turbo S Cross Turismo,0,0,Auto-2,4,Electricity,FA,midsize car,10,74,73,73,10,Elite,0
PORSCHE Taycan Turbo S Cross Turismo,0,0,Auto-2,4,Electricity,CA,midsize car,10,74,73,73,10,Elite,0
"BMW i4 M50 Gran Coupe (19"" Wheels)",0,0,Auto-1,4,Electricity,FA,small car,10,94,98,96,10,Elite,0
"BMW i4 M50 Gran Coupe (19"" Wheels)",0,0,Auto-1,4,Electricity,CA,small car,10,94,98,96,10,Elite,0
"BMW i4 M50 Gran Coupe (20"" Wheels)",0,0,Auto-1,4,Electricity,FA,small car,10,79,80,80,10,Elite,0
"BMW i4 M50 Gran Coupe (20"" Wheels)",0,0,Auto-1,4,Electricity,CA,small car,10,79,80,80,10,Elite,0
"BMW i4eDrive40GranCoupe(18"" Whels)",0,0,Auto-1,2,Electricity,FA,small car,10,109,108,109,10,Elite,0
"BMW i4eDrive40GranCoupe(18"" Whels)",0,0,Auto-1,2,Electricity,CA,small car,10,109,108,109,10,Elite,0
"BMW i4eDrive40GranCoupe(19"" Whels)",0,0,Auto-1,2,Electricity,FA,small car,10,100,98,99,10,Elite,0
"BMW i4eDrive40GranCoupe(19"" Whels)",0,0,Auto-1,2,Electricity,CA,small car,10,100,98,99,10,Elite,0
FORD F150 Lightning,0,0,Auto-1,4,Electricity,FA,pickup,10,76,61,68,10,Elite,0
FORD F150 Lightning,0,0,Auto-1,4,Electricity,CA,pickup,10,76,61,68,10,Elite,0
FORD F150 Lightning,0,0,Auto-1,4,Electricity,FA,pickup,10,78,63,70,10,Elite,0
FORD F150 Lightning,0,0,Auto-1,4,Electricity,CA,pickup,10,78,63,70,10,Elite,0
FORD F150 Lightning Platinum,0,0,Auto-1,4,Electricity,FA,pickup,10,73,60,66,10,Elite,0
FORD F150 Lightning Platinum,0,0,Auto-1,4,Electricity,CA,pickup,10,73,60,66,10,Elite,0
HYUNDAI Ioniq 5,0,0,Auto-1,2,Electricity,FA,large car,10,127,94,110,10,Elite,0
HYUNDAI Ioniq 5,0,0,Auto-1,2,Electricity,CA,large car,10,127,94,110,10,Elite,0
HYUNDAI Ioniq 5,0,0,Auto-1,2,Electricity,FA,large car,10,132,98,114,10,Elite,0
HYUNDAI Ioniq 5,0,0,Auto-1,2,Electricity,CA,large car,10,132,98,114,10,Elite,0
HYUNDAI Ioniq 5,0,0,Auto-1,4,Electricity,FA,large car,10,110,87,98,10,Elite,0
HYUNDAI Ioniq 5,0,0,Auto-1,4,Electricity,CA,large car,10,110,87,98,10,Elite,0
"LUCID Air Dream P AWD w/19"" wheels",0,0,Auto-1,4,Electricity,FA,large car,10,117,114,116,10,Elite,0
"LUCID Air Dream P AWD w/19"" wheels",0,0,Auto-1,4,Electricity,CA,large car,10,117,114,116,10,Elite,0
"LUCID Air Dream P AWD w/21"" wheels",0,0,Auto-1,4,Electricity,FA,large car,10,110,111,111,10,Elite,0
"LUCID Air Dream P AWD w/21"" wheels",0,0,Auto-1,4,Electricity,CA,large car,10,110,111,111,10,Elite,0
"LUCID Air Dream R AWD w/19"" wheels",0,0,Auto-1,4,Electricity,FA,large car,10,126,125,125,10,Elite,0
"LUCID Air Dream R AWD w/19"" wheels",0,0,Auto-1,4,Electricity,CA,large car,10,126,125,125,10,Elite,0
"LUCID Air Dream R AWD w/21"" wheels",0,0,Auto-1,4,Electricity,FA,large car,10,115,117,116,10,Elite,0
"LUCID Air Dream R AWD w/21"" wheels",0,0,Auto-1,4,Electricity,CA,large car,10,115,117,116,10,Elite,0
"LUCID Air G Touring AWD w/19"" wheels",0,0,Auto-1,4,Electricity,FA,large car,10,130,132,131,10,Elite,0
"LUCID Air G Touring AWD w/19"" wheels",0,0,Auto-1,4,Electricity,CA,large car,10,130,132,131,10,Elite,0
"LUCID Air G Touring AWD w/21"" wheels",0,0,Auto-1,4,Electricity,FA,large car,10,121,122,121,10,Elite,0
"LUCID Air G Touring AWD w/21"" wheels",0,0,Auto-1,4,Electricity,CA,large car,10,121,122,121,10,Elite,0
MAZDA MX-30,0,0,Auto-1,2,Electricity,FA,midsize car,10,98,85,92,10,Elite,0
MAZDA MX-30,0,0,Auto-1,2,Electricity,CA,midsize car,10,98,85,92,10,Elite,0
MERCEDES-BENZ AMG EQS 4MATIC+,0,0,Auto-1,4,Electricity,FA,large car,10,76,78,77,10,Elite,0
MERCEDES-BENZ AMG EQS 4MATIC+,0,0,Auto-1,4,Electricity,CA,large car,10,76,78,77,10,Elite,0
MERCEDES-BENZ EQS 450+,0,0,Auto-1,2,Electricity,FA,large car,10,97,97,97,10,Elite,0
MERCEDES-BENZ EQS 450+,0,0,Auto-1,2,Electricity,CA,large car,10,97,97,97,10,Elite,0
MERCEDES-BENZ EQS 580 4Matic,0,0,Auto-1,4,Electricity,FA,large car,10,91,98,94,10,Elite,0
MERCEDES-BENZ EQS 580 4Matic,0,0,Auto-1,4,Electricity,CA,large car,10,91,98,94,10,Elite,0
MINI Cooper SE Hardtop,0,0,Auto-1,2,Electricity,FA,small car,10,119,100,110,10,Elite,0
MINI Cooper SE Hardtop,0,0,Auto-1,2,Electricity,CA,small car,10,119,100,110,10,Elite,0
NISSAN Leaf,0,0,Auto-1,2,Electricity,FA,midsize car,10,123,99,111,10,Elite,0
NISSAN Leaf,0,0,Auto-1,2,Electricity,CA,midsize car,10,123,99,111,10,Elite,0
NISSAN Leaf,0,0,Auto-1,2,Electricity,FA,midsize car,10,118,97,108,10,Elite,0
NISSAN Leaf,0,0,Auto-1,2,Electricity,CA,midsize car,10,118,97,108,10,Elite,0
NISSAN Leaf SV/SL,0,0,Auto-1,2,Electricity,FA,midsize car,10,114,94,104,10,Elite,0
NISSAN Leaf SV/SL,0,0,Auto-1,2,Electricity,CA,midsize car,10,114,94,104,10,Elite,0
POLESTAR 2 Dual Motor,0,0,Auto-1,4,Electricity,FA,midsize car,10,94,84,89,10,Elite,0
POLESTAR 2 Dual Motor,0,0,Auto-1,4,Electricity,CA,midsize car,10,94,84,89,10,Elite,0
POLESTAR 2 Single Motor,0,0,Auto-1,2,Electricity,FA,midsize car,10,113,100,107,10,Elite,0
POLESTAR 2 Single Motor,0,0,Auto-1,2,Electricity,CA,midsize car,10,113,100,107,10,Elite,0
RIVIAN R1T,0,0,Auto-1,4,Electricity,FA,pickup,10,74,66,70,10,Elite,0
RIVIAN R1T,0,0,Auto-1,4,Electricity,CA,pickup,10,74,66,70,10,Elite,0
TESLA Model 3,0,0,Auto-1,2,Electricity,FA,midsize car,10,138,126,132,10,Elite,0
TESLA Model 3,0,0,Auto-1,2,Electricity,CA,midsize car,10,138,126,132,10,Elite,0
TESLA Model 3 Long Range,0,0,Auto-1,4,Electricity,FA,midsize car,10,134,126,131,10,Elite,0
TESLA Model 3 Long Range,0,0,Auto-1,4,Electricity,CA,midsize car,10,134,126,131,10,Elite,0
TESLA Model 3 Performance,0,0,Auto-1,4,Electricity,FA,midsize car,10,118,107,113,10,Elite,0
TESLA Model 3 Performance,0,0,Auto-1,4,Electricity,CA,midsize car,10,118,107,113,10,Elite,0
TESLA Model S,0,0,Auto-1,4,Electricity,FA,large car,10,124,115,120,10,Elite,0
TESLA Model S,0,0,Auto-1,4,Electricity,CA,large car,10,124,115,120,10,Elite,0
"TESLA Model S Plaid (19"" Wheels)",0,0,Auto-1,4,Electricity,FA,large car,10,119,112,116,10,Elite,0
"TESLA Model S Plaid (19"" Wheels)",0,0,Auto-1,4,Electricity,CA,large car,10,119,112,116,10,Elite,0
"TESLA Model S Plaid (21"" Wheels)",0,0,Auto-1,4,Electricity,FA,large car,10,102,99,101,10,Elite,0
"TESLA Model S Plaid (21"" Wheels)",0,0,Auto-1,4,Electricity,CA,large car,10,102,99,101,10,Elite,0
